,Density,Efficiency of the LCC,# of connected components,# of communities,Fraction of nodes in the LCC,Connected components entropy,Fraction of nodes in the center in the LCC,Fraction of nodes in the periphery in the LCC,Fraction of nodes in the barycenter in the LCC,Transitivity,Average clustering coefficient,Average square clustering,Modularity,Mean Assortativity coefficient of the LCC,Mean shortest path length of the LCC,Average eccentricity of the LCC,Average degree,Average communicability of the LCC,Average node similarity of the LCC,Average node betweenness centrality,Average edge betweenness centrality
pre3_05DIV_CS4_FOV5,0.0014699723251020357,0.2967941317941312,332.0,162.0,0.06072874493927125,0.9465957925976403,0.03333333333333333,0.13333333333333333,0.03333333333333333,0.2786885245901639,0.05020242914979756,0.0031742683766975265,0.9539808370525255,-0.0528869480834544,0.17217598097502973,0.3103448275862069,0.7246963562753036,9.061953675118067e-05,0.0,3.431738089214907e-05,0.00012845799164463339
pre2_05DIV_CS1_FOV1,0.0029024206187960758,0.2673755344118241,186.0,136.0,0.09937888198757763,0.9073481192026273,0.03125,0.09375,0.0625,0.1793478260869565,0.05662525879917184,0.012924618798933191,0.9320666666666662,-0.2553979025293031,0.19680020811654525,0.4032258064516129,0.9316770186335404,2.1062464197133493e-05,0.0,0.0001803128809427062,0.0004934115051953338
pre3_05DIV_CS5_FOV4,0.0006022080963532954,0.8333333333333334,227.0,18.0,0.012244897959183673,0.99489807067041,0.3333333333333333,0.6666666666666666,0.3333333333333333,0.0,0.0,0.0,0.9382716049382718,-1.0,0.6666666666666666,1.0,0.1469387755102041,0.8309927332840568,0.0,1.3767903437432452e-07,3.717333928106763e-05
pre3_05DIV_CS4_FOV4,0.0010858500169664065,0.6055555555555555,332.0,89.0,0.014251781472684086,0.9820264651873719,0.16666666666666666,0.3333333333333333,0.16666666666666666,0.42,0.0344418052256532,0.004433887569279493,0.9739583333333329,-0.3333333333333341,0.4133333333333334,0.6,0.45605700712589076,0.1588579652017871,0.0,1.5117243672961113e-06,2.2621875353466777e-05
pre3_05DIV_CS5_FOV6,0.001001848649293339,0.4544973544973545,328.0,82.0,0.024390243902439025,0.9766419051219599,0.2,0.3,0.1,0.13333333333333333,0.00975609756097561,0.0,0.9589002267573694,-0.636363636363637,0.35061728395061725,0.6111111111111112,0.4097560975609756,0.02602027045000413,0.0,5.524900639485324e-06,5.154068306313517e-05
pre3_05DIV_CS4_FOV6,0.0017441945324245035,0.39276117854549236,309.0,215.0,0.03435114503816794,0.9357305973123107,0.16666666666666666,0.16666666666666666,0.05555555555555555,0.24535315985130113,0.053344238458742255,0.008684586855373355,0.962264316100909,0.09685863874345589,0.22106881968473663,0.4117647058823529,0.9122137404580153,0.005602233991558113,0.0,2.1837732727737505e-05,7.343687698886447e-05
pre2_05DIV_CS1_FOV2,0.002277461463685599,0.23825427018449075,241.0,139.0,0.10263157894736842,0.9092306518337507,0.02564102564102564,0.07692307692307693,0.02564102564102564,0.2903225806451613,0.062017543859649124,0.012481528935822566,0.9216798036882801,-0.15429917550058958,0.186305845585624,0.3684210526315789,0.8631578947368421,8.210933086390539e-07,0.0,0.00018780460385792977,0.0005276198089018806
pre2_05DIV_CS1_FOV3,0.0019375512333258812,0.2773100283020912,294.0,274.0,0.04929577464788732,0.9213518220959778,0.07142857142857142,0.07142857142857142,0.03571428571428571,0.2608695652173913,0.08069248826291081,0.017807097205081217,0.9691455046022341,-0.1071428571428564,0.21585341955712328,0.42592592592592593,1.0985915492957747,5.701791687891829e-05,0.0,3.517593806085653e-05,8.893181819629387e-05
pre3_05DIV_CS5_FOV3,0.0008395654925666163,0.619047619047619,332.0,62.0,0.017766497461928935,0.9825178942724636,0.2857142857142857,0.7142857142857143,0.14285714285714285,0.20930232558139536,0.013959390862944163,0.0,0.9538461538461531,-0.49180327868852397,0.3253968253968254,0.5,0.3299492385786802,0.11025705273518585,0.0,2.0428987652719857e-06,3.477490205897225e-05
pre3_05DIV_CS4_FOV3,0.0011697137710402264,0.6349206349206349,326.0,88.0,0.016908212560386472,0.9762069758002361,0.14285714285714285,0.42857142857142855,0.2857142857142857,0.4074074074074074,0.052737520128824475,0.010305958132045089,0.9616000000000003,-0.16363636363636364,0.3333333333333333,0.5,0.4830917874396135,0.15588512201052937,0.2886751345948129,3.0662399823384582e-06,3.298592834333442e-05
pre3_05DIV_CS4_FOV2,0.002688134275585278,0.12316035638033303,208.0,446.0,0.22477064220183487,0.7108475248564543,0.006802721088435374,0.027210884353741496,0.006802721088435374,0.2722558340535869,0.14807048201543602,0.0265370930844866,0.9350256164333669,0.1978453391764827,0.09878753528057874,0.2054794520547945,1.7553516819571866,4.150325916274511e-16,0.0,0.0013042243575328333,0.0016180483598192163
pre3_05DIV_CS5_FOV2,0.0014365152919369787,0.41652276295133456,297.0,119.0,0.03365384615384615,0.9612910892179659,0.07142857142857142,0.14285714285714285,0.07142857142857142,0.15151515151515152,0.015224358974358972,0.0,0.9585067637877192,0.14772727272727204,0.26204564666103125,0.46153846153846156,0.5961538461538461,0.00943324300240179,0.0,1.2004539898725337e-05,7.062991419773389e-05
pre2_05DIV_CS1_FOV4,0.0021037066908626543,0.3476817042606515,268.0,278.0,0.03663003663003663,0.9182600166776249,0.1,0.2,0.05,0.2473404255319149,0.09096459096459097,0.008288329895472754,0.9705314946564707,-0.20155038759689856,0.21772853185595567,0.39473684210526316,1.1465201465201464,0.0014136754089869668,0.0,3.08380232827076e-05,7.996614966747159e-05
pre3_05DIV_CS5_FOV1,0.0014885699096225413,0.45091991341991366,322.0,173.0,0.024242424242424242,0.9495942762497447,0.08333333333333333,0.16666666666666666,0.08333333333333333,0.1437125748502994,0.021548821548821546,0.005054914221580889,0.9681801714768735,0.07650273224043697,0.2892561983471074,0.5454545454545454,0.7353535353535353,0.017555618081452937,0.0,1.3122827257555558e-05,5.9904108487104534e-05
pre1_05DIV_CS1_FOV1,0.0028283265934912383,0.19056401428374597,205.0,372.0,0.12824956672443674,0.7797112994336258,0.013513513513513514,0.04054054054054054,0.013513513513513514,0.2803114571746385,0.1385326400924322,0.02981434510786506,0.9326437301946586,0.08112449799196784,0.11652711070988421,0.2328767123287671,1.6291161178509532,3.6482898819123323e-09,0.0,0.0005018356650675242,0.0007072993104465512
pre3_05DIV_CS4_FOV1,0.001510922378350868,0.4018617724867725,332.0,170.0,0.03187250996015936,0.9503790525253863,0.125,0.1875,0.0625,0.25,0.05205843293492696,0.010422084730115765,0.9640443213296386,0.23809523809523833,0.245,0.4666666666666667,0.7569721115537849,0.010173479218784143,0.0,1.4218574802586066e-05,6.08554331889795e-05
pre3_05DIV_CS2_FOV3,0.0010542168674698795,0.5595238095238094,327.0,89.0,0.016826923076923076,0.9801820766960294,0.14285714285714285,0.42857142857142855,0.14285714285714285,0.14285714285714285,0.011217948717948716,0.0,0.9737954353338969,0.0,0.38095238095238093,0.5,0.4375,0.1567738753511267,0.0,2.2386088389231394e-06,2.8771043599588552e-05
pre3_05DIV_CS2_FOV2,0.000650315867707172,0.8333333333333334,194.0,14.0,0.014423076923076924,0.9945595373006713,0.3333333333333333,0.6666666666666666,0.3333333333333333,0.0,0.0,0.0,0.9081632653061226,-1.0,0.6666666666666666,1.0,0.1346153846153846,0.8309927332840569,0.0,4.509818777442247e-07,5.9722885809842315e-05
pre3_05DIV_CS2_FOV1,0.0007346842042896078,0.8333333333333334,260.0,31.0,0.010309278350515464,0.9920819555419106,0.3333333333333333,0.6666666666666666,0.3333333333333333,0.0,0.0,0.0,0.9573361082206039,-1.0,0.6666666666666666,1.0,0.21305841924398625,0.8309927332840569,0.0,4.1002578652171437e-07,3.134448738384383e-05
pre3_05DIV_CS3_FOV1,0.001302282825187682,0.58962962962963,319.0,109.0,0.02336448598130841,0.971759711206773,0.4,0.2,0.2,0.3157894736842105,0.03473520249221184,0.004746486952735068,0.9623614151542951,-0.17647058823529382,0.23950617283950615,0.4444444444444444,0.5560747663551402,0.08015496371632533,0.27343701217098704,5.137818381613926e-06,4.0003744718356145e-05
pre3_05DIV_CS2_FOV4,0.00191196641589426,0.2654579950632577,292.0,199.0,0.07739307535641547,0.9259090761267158,0.02631578947368421,0.05263157894736842,0.05263157894736842,0.26732673267326734,0.0655804480651731,0.014166721245952613,0.950576559546312,0.30291627469426124,0.1671600476721387,0.32432432432432434,0.9368635437881874,6.724466866830916e-06,0.0,7.095712474386627e-05,0.00019296765017881782
pre3_05DIV_CS3_FOV4,0.0006876790830945558,0.8333333333333334,309.0,41.0,0.011428571428571429,0.991933424576618,0.25,0.75,0.25,0.375,0.006666666666666666,0.0,0.9659863945578239,-0.7142857142857143,0.4444444444444444,0.6666666666666666,0.24,0.6154660475392851,0.408248290463863,2.3524872848062255e-07,2.027171900278738e-05
pre2_05DIV_CS2_FOV4,0.0022251429625530345,0.3954717240431527,248.0,169.0,0.05275779376498801,0.9374553696701017,0.13636363636363635,0.09090909090909091,0.045454545454545456,0.2894736842105263,0.08161470823341328,0.012788769354945493,0.9539048028134977,0.04395604395604426,0.16305916305916307,0.30952380952380953,0.9256594724220624,0.004028364365289406,0.0,3.0476082526008838e-05,0.00010394235428715616
pre2_05DIV_CS3_FOV4,0.003315896605309812,0.23630795801085516,172.0,256.0,0.10747663551401869,0.8371096998705055,0.021739130434782608,0.08695652173913043,0.021739130434782608,0.25595238095238093,0.11908099688473521,0.01559651242051298,0.9355128582165144,0.08730964467005135,0.1493505099302201,0.28888888888888886,1.4158878504672898,1.0162346942948212e-06,0.0,0.00026721793402774034,0.00047078948959484833
pre3_05DIV_CS6_FOV1,0.0008564718883823732,0.5671296296296297,322.0,59.0,0.023622047244094488,0.982567137146806,0.1111111111111111,0.4444444444444444,0.1111111111111111,0.17142857142857143,0.013560804899387578,0.002112235970503687,0.943288241415191,-0.2396694214876039,0.2743055555555556,0.375,0.32545931758530183,0.07933319689709911,0.0,3.6813201432726067e-06,4.8794834431774105e-05
pre1_05DIV_CS3_FOV1,0.0007962840079628401,0.8333333333333334,245.0,30.0,0.01090909090909091,0.9910859903711132,0.3333333333333333,0.6666666666666666,0.3333333333333333,0.0,0.0,0.0,0.9511111111111117,-1.0,0.6666666666666666,1.0,0.21818181818181817,0.8309927332840569,0.0,6.805846221904615e-07,3.8929440389294394e-05
pre1_05DIV_CS2_FOV1,0.0010217113665389529,0.48379629629629634,328.0,78.0,0.022167487684729065,0.9791805892794819,0.1111111111111111,0.3333333333333333,0.1111111111111111,0.34615384615384615,0.034482758620689655,0.006568144499178982,0.9631519274376417,-0.6410256410256411,0.3611111111111111,0.625,0.41379310344827586,0.11160300766130204,0.0,3.853696809199257e-06,4.0109700755568276e-05
pre1_05DIV_CS3_FOV3,0.0019095357441222102,0.44023809523809515,242.0,101.0,0.04664723032069971,0.9602303083538763,0.0625,0.1875,0.0625,0.25471698113207547,0.04237123420796891,0.006793310730885762,0.9438775510204077,-0.0763888888888881,0.21,0.4,0.6530612244897959,0.012565505653019388,0.0,1.819938759060758e-05,9.864310923080316e-05
pre1_05DIV_CS2_FOV2,0.0010074785910799396,0.5992063492063491,321.0,73.0,0.017766497461928935,0.9806195033412447,0.14285714285714285,0.5714285714285714,0.14285714285714285,0.3125,0.02749576988155668,0.0,0.9615384615384607,-0.4259259259259255,0.35714285714285715,0.6666666666666666,0.39593908629441626,0.11060473120967267,0.0,2.6030484267175305e-06,3.4774902058972253e-05
pre3_05DIV_CS6_FOV2,0.0022483968769284432,0.2952696199811573,273.0,338.0,0.06546644844517185,0.8755062525947703,0.075,0.075,0.025,0.291497975708502,0.10919647728158366,0.024229672902935654,0.9521704706626207,0.3063307493540046,0.12938856015779093,0.2564102564102564,1.3715220949263502,8.71846052920791e-05,0.0,7.368037388604361e-05,0.00014182390744587684
pre1_05DIV_CS3_FOV2,0.0007326007326007326,0.6666666666666667,307.0,44.0,0.014245014245014245,0.9890261280797384,0.4,0.6,0.2,0.1875,0.008547008547008548,0.0,0.9590123456790127,-0.6666666666666666,0.45,0.75,0.2564102564102564,0.5040059310273506,0.0,8.86304611232978e-07,2.894225116447339e-05
pre2_05DIV_CS3_FOV2,0.002136166564777143,0.26622004638133606,266.0,268.0,0.05805243445692884,0.9012924101558943,0.06451612903225806,0.0967741935483871,0.03225806451612903,0.1889168765743073,0.05980024968789013,0.017554226340563465,0.9590492988227148,-0.26218097447795974,0.1989247311827957,0.4,1.1385767790262171,1.2702804469058448e-05,0.0,6.103597210028677e-05,0.0001436808709168836
pre2_05DIV_CS3_FOV3,0.002383688758353552,0.19134614324644875,247.0,327.0,0.13414634146341464,0.8454343238169536,0.09090909090909091,0.12987012987012986,0.012987012987012988,0.250386398763524,0.09976771196283395,0.0190619578338062,0.9459958090378991,0.09876543209876466,0.10446720869158542,0.18421052631578946,1.3658536585365855,1.3868370473498587e-08,0.0,0.00025477863557291477,0.0004398680135352023
pre2_05DIV_CS3_FOV1,0.003023936847466259,0.14900300581533502,188.0,373.0,0.23707664884135474,0.7338401577793083,0.015037593984962405,0.05263157894736842,0.007518796992481203,0.27006507592190887,0.14115949410067058,0.02203448416137143,0.924609418282549,0.1668645385682995,0.07981558579644704,0.15151515151515152,1.6934046345811051,1.633146680160547e-12,0.0,0.001124889702181084,0.0014821143768512179
pre1_05DIV_CS3_FOV4,0.0009228630327436598,0.523148148148148,333.0,76.0,0.022004889975550123,0.9820165457047078,0.1111111111111111,0.5555555555555556,0.1111111111111111,0.09375,0.005704971475142624,0.0,0.9657615112160565,-0.19999999999999962,0.3090277777777778,0.5,0.3765281173594132,0.07721402900015817,0.0,2.5914019873461836e-06,3.408787386926317e-05
pre1_05DIV_CS2_FOV4,0.0016099577085736255,0.49636363636363656,229.0,60.0,0.03806228373702422,0.9738388129783928,0.18181818181818182,0.36363636363636365,0.09090909090909091,0.3333333333333333,0.039215686274509796,0.019377162629757784,0.9366228558699038,-0.40624999999999944,0.2636363636363636,0.4,0.46366782006920415,0.05952176437316788,0.0,9.795883920282604e-06,8.966126690652848e-05
pre2_05DIV_CS4_FOV3,0.0022624434389140274,0.4033228676085823,193.0,80.0,0.05128205128205128,0.9533225172888296,0.14285714285714285,0.21428571428571427,0.07142857142857142,0.17391304347826086,0.02808302808302808,0.0031070120355834643,0.9336734693877551,-0.25301204819277073,0.26120033812341503,0.46153846153846156,0.6153846153846154,0.010600097965559,0.0,3.746886208357883e-05,0.00020008003201280516
pre2_05DIV_CS4_FOV1,0.0022233580373115258,0.17605887498693584,266.0,294.0,0.14285714285714285,0.8408227131468953,0.025,0.025,0.0125,0.2275132275132275,0.08971088435374157,0.014354373298196879,0.9325744814374424,-0.035940023068051725,0.12577711905143407,0.26582278481012656,1.2428571428571429,1.501264512300613e-10,0.0,0.00040533256024628887,0.000739926005563535
pre1_05DIV_CS4_FOV4,0.001806009084772972,0.26300410645998834,324.0,250.0,0.06968641114982578,0.8991268084269677,0.075,0.05,0.025,0.2887323943661972,0.09332171893147502,0.011261982428540549,0.9441553582967714,0.027502750275027184,0.1548980933596318,0.3076923076923077,1.0348432055749128,1.8203148716794452e-05,0.0,0.0001021198186311199,0.00024143181679469036
pre3_05DIV_CS1_FOV4,0.0007910254566374227,0.7166666666666668,346.0,63.0,0.012224938875305624,0.9875512434316839,0.4,0.6,0.2,0.34615384615384615,0.013854930725346371,0.006519967400162999,0.9692378328741973,-0.11111111111111355,0.425,0.75,0.32273838630806845,0.573267072562722,0.0,7.067459965489593e-07,1.9975390319126813e-05
pre2_05DIV_CS4_FOV4,0.0016169455897809039,0.25573477448477394,334.0,255.0,0.06791171477079797,0.9226561183947497,0.025,0.1,0.05,0.2358490566037736,0.0597623089983022,0.00650791552989748,0.9601339285714282,0.16551724137931062,0.1428336620644313,0.24358974358974358,0.9507640067911715,1.52406836768066e-05,0.0,4.6955958262498486e-05,0.00012950001732441686
pre2_05DIV_CS4_FOV5,0.0018623007430703296,0.3470084776334779,303.0,267.0,0.028070175438596492,0.9275888188269956,0.125,0.25,0.125,0.24866310160427807,0.08222222222222222,0.009305509840256318,0.9712951186351478,-0.5714285714285714,0.31777777777777777,0.6,1.0596491228070175,0.0019179207651944907,0.0,2.0931558580353938e-05,6.093050104515006e-05
pre1_05DIV_CS4_FOV1,0.0008195687807338293,0.6666666666666665,272.0,37.0,0.019417475728155338,0.9883222334895123,0.3333333333333333,0.6666666666666666,0.16666666666666666,0.3,0.016720604099244876,0.0,0.9401709401709398,-0.4666666666666666,0.36,0.6,0.2524271844660194,0.281216019394651,0.17677669529663687,1.3690282815231425e-06,4.095149726217684e-05
pre3_05DIV_CS1_FOV1,0.0018288552720704448,0.24841969654994853,297.0,219.0,0.06782945736434108,0.9088307811713773,0.02857142857142857,0.05714285714285714,0.02857142857142857,0.21875,0.06802325581395348,0.015491326610512656,0.9498128672797168,0.03426791277258594,0.19332674246169054,0.35294117647058826,0.9418604651162791,4.657016136783878e-06,0.0,8.186522094238563e-05,0.00021893982824884407
pre3_05DIV_CS1_FOV3,0.001630607699650016,0.39697656840514006,295.0,154.0,0.0334075723830735,0.944571082890386,0.26666666666666666,0.13333333333333333,0.06666666666666667,0.17307692307692307,0.03711952487008167,0.0013999363665287941,0.9585068411659713,-0.009615384615385452,0.25442176870748295,0.42857142857142855,0.7305122494432071,0.01221513845788876,0.0,2.217651383956821e-05,9.38496698043659e-05
pre1_05DIV_CS4_FOV3,0.0008790857508191481,0.7333333333333334,326.0,62.0,0.01288659793814433,0.9864789819312034,0.6,0.4,0.4,0.4,0.024054982817869414,0.0,0.9669421487603315,-0.562500000000003,0.4,0.5,0.3402061855670103,0.5400793489964719,0.33333333333333337,8.971671189079072e-07,2.3006376398848247e-05
pre1_05DIV_CS4_FOV2,0.0035658307210031347,0.18407636168872976,162.0,158.0,0.215625,0.8286480597370001,0.028985507246376812,0.043478260869565216,0.014492753623188406,0.21352313167259787,0.07156250000000001,0.009762580600643037,0.9024121482912687,0.041510611735329675,0.1334624642695953,0.2647058823529412,1.1375,3.803384396609071e-09,0.0,0.0012317999447960409,0.002451320231492644
pre3_05DIV_CS1_FOV2,0.0016554062081693109,0.2998656252624496,316.0,187.0,0.055666003976143144,0.936330487854987,0.03571428571428571,0.14285714285714285,0.03571428571428571,0.26359832635983266,0.06070245195493705,0.013116484353392589,0.9593301435406713,-0.06360792492179403,0.17470115618263765,0.2962962962962963,0.831013916500994,0.00012288433374103809,0.0,3.4132901693622733e-05,0.0001143750357421987
pre2_09DIV_CS3_FOV1,0.006758503961071017,0.10570892213217425,54.0,359.0,0.8232445520581114,0.2825842178456142,0.0029411764705882353,0.008823529411764706,0.0029411764705882353,0.29818181818181816,0.2318805488297013,0.04872437805195401,0.8381156899810964,0.23375822273779762,0.042521281883155536,0.08259587020648967,2.7845036319612593,1.3551849529711002e-16,0.0,0.022111153875170174,0.016983882820572813
pre2_09DIV_CS2_FOV1,0.01021380662099225,0.12927009472826057,30.0,304.0,0.8952095808383234,0.20039389422028325,0.03678929765886288,0.006688963210702341,0.0033444816053511705,0.3270978086584714,0.2873348541013209,0.06925563027360039,0.819196649970244,0.27476671856470486,0.038300046444019596,0.08053691275167785,3.4011976047904193,2.0372592501871623e-14,0.0,0.025127645501355895,0.01609792722637454
pre1_09DIV_CS2_FOV4,0.006045502792007015,0.10206951617416875,73.0,393.0,0.7639484978540773,0.3381349174325192,0.0028089887640449437,0.011235955056179775,0.0028089887640449437,0.32175689479060265,0.26832209278561214,0.05452495112986986,0.8730307091661325,0.13921276442462643,0.044477486854980174,0.08732394366197183,2.811158798283262,1.124317652867468e-16,0.0,0.018599389561760722,0.01406933393080276
pre2_09DIV_CS2_FOV2,0.010987392482620479,0.13309801033893132,14.0,355.0,0.962059620596206,0.0976531783610629,0.0028169014084507044,0.008450704225352112,0.0028169014084507044,0.35615440640932267,0.3750742031229839,0.08679925787114245,0.8062984712029844,0.16465103183767799,0.02998845959667482,0.05649717514124294,4.043360433604336,7.163665277296061e-14,0.0,0.024248337495814214,0.013169724015692212
pre2_09DIV_CS3_FOV2,0.007868969200640912,0.11155724730295244,47.0,364.0,0.8637469586374696,0.2352240299483558,0.0028169014084507044,0.011267605633802818,0.0028169014084507044,0.32689655172413795,0.27694936855520796,0.06350744840376898,0.8394040526060754,0.1316212711377417,0.03961199608516431,0.07909604519774012,3.2262773722627736,1.942890293094024e-16,0.0,0.023745734039711495,0.015773705710766497
pre2_09DIV_CS3_FOV3,0.007434880110401932,0.10531067245450668,53.0,288.0,0.8152492668621701,0.298359613133578,0.01079136690647482,0.017985611510791366,0.0035971223021582736,0.2912885662431942,0.2074430945398687,0.05681901623459953,0.8732753376650643,0.09474199070677293,0.05329098553059441,0.10469314079422383,2.527859237536657,1.178663286763304e-16,0.0,0.026963443099192283,0.02274986622010663
pre2_09DIV_CS2_FOV3,0.011759504862953138,0.14016293566076846,31.0,230.0,0.8505747126436781,0.2634544179258553,0.009009009009009009,0.009009009009009009,0.0045045045045045045,0.32465419039869814,0.2742565225323845,0.06801664440102392,0.795064101356147,0.23231293517220714,0.049381971394215206,0.1085972850678733,3.057471264367816,4.2613272123199347e-13,0.0,0.02767462422634835,0.01977770834395155
pre1_09DIV_CS2_FOV3,0.011490991630018443,0.13723847771234396,30.0,236.0,0.8571428571428571,0.2568862844418499,0.008771929824561403,0.008771929824561403,0.0043859649122807015,0.3002481389578164,0.22456140350877202,0.057222682922164037,0.7899618960524311,0.2709129094941802,0.04867860135307899,0.09691629955947137,3.045112781954887,1.4557484991767344e-13,0.0,0.02795163294170244,0.02003422252346449
pre1_09DIV_CS3_FOV3,0.007420839726600642,0.11327754171322302,34.0,502.0,0.9365671641791045,0.12971195331207713,0.00199203187250996,0.00597609561752988,0.00199203187250996,0.3544056626800098,0.342136045960674,0.08413662668703008,0.8169280697043361,0.21998714935422387,0.025173531871613152,0.05189620758483034,3.970149253731343,1.9905951886833861e-16,0.0,0.019071566978715603,0.010395931155130121
pre1_09DIV_CS3_FOV2,0.006724511930585683,0.11071013573322593,54.0,407.0,0.8459869848156182,0.24813332755326556,0.007692307692307693,0.007692307692307693,0.002564102564102564,0.3169203222918532,0.2598078710876974,0.05488496778562173,0.8470353227675175,0.20881758219369972,0.033683124632827584,0.06426735218508997,3.0932754880694144,2.1163626406917047e-16,0.0,0.01886745581315929,0.013150754258731405
pre1_09DIV_CS2_FOV2,0.012015503875968992,0.14226129671050625,33.0,183.0,0.7870370370370371,0.33833910043750004,0.01764705882352941,0.041176470588235294,0.0058823529411764705,0.2749658002735978,0.20626102292768952,0.05974077019465358,0.8228118857671406,0.2095057287011237,0.06341802993386704,0.11834319526627218,2.5833333333333335,5.319863473352004e-13,0.0,0.028106611284181387,0.023785112944902896
pre2_09DIV_CS3_FOV4,0.007458148313884777,0.10858353596544633,41.0,377.0,0.8947368421052632,0.19430497666767807,0.0053475935828877,0.008021390374331552,0.00267379679144385,0.3116883116883117,0.2658692185007974,0.05813665881532597,0.8432461538461538,0.12902726716814927,0.03679753522324509,0.06970509383378017,3.110047846889952,1.7932703932910243e-16,0.0,0.024482116551881778,0.016899899292932254
pre2_09DIV_CS2_FOV4,0.006825347580464787,0.10946491161292086,50.0,477.0,0.9013282732447818,0.17999358363327206,0.002105263157894737,0.004210526315789474,0.002105263157894737,0.35345838218053927,0.3252688172043015,0.07385277610153004,0.837264056067832,0.2068317511111632,0.027567912999397495,0.052742616033755275,3.5901328273244784,1.6937948439654793e-16,0.0,0.018669060657502307,0.011219346793958394
pre1_09DIV_CS2_FOV1,0.007967517045889834,0.17291065944951328,78.0,151.0,0.39737991266375544,0.6325879603641286,0.01098901098901099,0.03296703296703297,0.01098901098901099,0.265658747300216,0.12622166770638385,0.030578393916446622,0.8304826183431957,0.09289249843817605,0.10582824582824582,0.2222222222222222,1.8165938864628821,1.0188855105152173e-10,0.0,0.006756088613315215,0.008322762524382844
pre1_09DIV_CS3_FOV1,0.007503739194362056,0.11348989680009913,37.0,450.0,0.9158110882956879,0.16264323843296988,0.017937219730941704,0.004484304932735426,0.002242152466367713,0.3418669996877927,0.3018138261464756,0.07196781582175393,0.8278257142277415,0.2431164183048826,0.02839606132984749,0.056179775280898875,3.646817248459959,2.285227129056322e-16,0.0,0.020118742996497022,0.011932639537400364
pre3_09DIV_CS1_FOV3,0.006173044925124792,0.10685969836222954,66.0,535.0,0.8901830282861897,0.19188241050652982,0.007476635514018692,0.005607476635514018,0.001869158878504673,0.35402843601895734,0.32826902252859114,0.07871808778175804,0.8127011573586358,0.17920556920556857,0.025125555147843,0.04868913857677903,3.703826955074875,1.3617579286417936e-16,0.0,0.016423314138835566,0.009550614205434788
pre1_09DIV_CS4_FOV3,0.006793743890518084,0.11277426140351447,53.0,443.0,0.8850806451612904,0.2020718268007637,0.009111617312072893,0.009111617312072893,0.002277904328018223,0.32335329341317365,0.28641513056835644,0.06454389619276382,0.8311264657338878,0.15899200035586994,0.028865233564153943,0.05707762557077625,3.3629032258064515,2.1694885471434944e-16,0.0,0.01845828666711518,0.01187247660327263
pre1_09DIV_CS4_FOV2,0.006860063897763578,0.10845167647730891,37.0,589.0,0.9408945686900958,0.12066441301600861,0.0050933786078098476,0.006791171477079796,0.001697792869269949,0.3678935860058309,0.3749594299913802,0.08944944083960617,0.786911620665377,0.09958941897807691,0.022390384956403362,0.04251700680272109,4.287539936102236,1.4560835176480325e-16,0.0,0.017257794707954438,0.008684100312822874
pre3_09DIV_CS1_FOV2,0.00857956857956858,0.12265174521221259,38.0,313.0,0.8746438746438746,0.22575562941087074,0.016286644951140065,0.006514657980456026,0.003257328990228013,0.30670926517571884,0.2567358567358567,0.0675631849333612,0.8346751689596691,0.10857844338997368,0.037885773769742226,0.0718954248366013,3.0028490028490027,1.898180506006153e-15,0.0,0.02321035856852477,0.01682210684108216
pre2_09DIV_CS4_FOV4,0.00681977051472218,0.14617068454659388,69.0,274.0,0.478134110787172,0.5417763905290596,0.012195121951219513,0.018292682926829267,0.006097560975609756,0.29791459781529295,0.18428432597528813,0.045204198799665925,0.8648249999999996,0.2970270511561476,0.06751587445115295,0.147239263803681,2.3323615160349855,2.117047476993955e-12,0.0,0.007203707595239417,0.006790104512983132
pre1_09DIV_CS4_FOV1,0.010523640061006609,0.1274248143350771,27.0,254.0,0.896797153024911,0.20170237094774257,0.023809523809523808,0.011904761904761904,0.003968253968253968,0.29442970822281167,0.2608540925266905,0.0652472244552751,0.8302819202315107,0.09956520273686188,0.04539522300351494,0.08366533864541832,2.9466192170818504,1.4904202004506484e-14,0.0,0.029949999362236742,0.02212570210404035
pre3_09DIV_CS1_FOV1,0.0069245317552315295,0.10586013706144363,51.0,393.0,0.8851351351351351,0.2047581899515244,0.002544529262086514,0.017811704834605598,0.002544529262086514,0.30484330484330485,0.2490561990561988,0.05527955483146713,0.8479841987575495,0.1594922063894509,0.0351981402469073,0.0663265306122449,3.0675675675675675,1.6089560239684886e-16,0.0,0.022677782835796387,0.015869052692473316
pre2_09DIV_CS4_FOV5,0.004734155486289922,0.10010320567931613,127.0,344.0,0.6157112526539278,0.48347961752831453,0.0034482758620689655,0.006896551724137931,0.0034482758620689655,0.3107067879636109,0.1996057021534728,0.039905679096133385,0.8690562904259658,0.19184210639681923,0.06022668674283445,0.12802768166089964,2.225053078556263,1.0105441873922705e-16,0.0,0.013265155453252776,0.012602144108150934
pre1_09DIV_CS4_FOV5,0.009408403526919856,0.16309243219975142,53.0,149.0,0.3811881188118812,0.6582211002718205,0.05194805194805195,0.03896103896103896,0.012987012987012988,0.2983425414364641,0.18234323432343233,0.037236250047605134,0.8847345193388337,0.08026069100973086,0.15704482498111308,0.32894736842105265,1.891089108910891,2.9563105546022886e-12,0.0,0.008753263386040096,0.010106019588440054
pre1_09DIV_CS4_FOV4,0.008432067802473407,0.12206599587938743,37.0,336.0,0.8873994638069705,0.20783691608276758,0.012084592145015106,0.00906344410876133,0.0030211480362537764,0.31570155902004454,0.2723477594791267,0.06270774697801187,0.8371583022865078,0.15579152724805212,0.03559239747100225,0.0696969696969697,3.136729222520107,2.82613559290934e-15,0.0,0.022800403026694113,0.015805547363101632
pre3_09DIV_CS1_FOV4,0.009263329263329264,0.12408140354440061,26.0,325.0,0.905982905982906,0.18687896674986362,0.0031446540880503146,0.012578616352201259,0.0031446540880503146,0.30139372822299654,0.26853886853886827,0.06211841243107343,0.8104589496573091,0.11760395784241377,0.0370453263416109,0.0694006309148265,3.242165242165242,3.2205141331509424e-15,0.0,0.025259588124917635,0.01693548006377531
pre2_09DIV_CS4_FOV2,0.004695327363809325,0.12356996086204823,123.0,216.0,0.4336283185840708,0.6764427128644808,0.013605442176870748,0.027210884353741496,0.006802721088435374,0.2698744769874477,0.12347239780868102,0.018374851769915677,0.8871906137283888,0.23280666580830323,0.09688547965630238,0.19863013698630136,1.5870206489675516,3.530414272118465e-16,0.0,0.0073179939759881706,0.009876273085446053
pre2_09DIV_CS1_FOV4,0.004783209058271196,0.09133989676195269,98.0,328.0,0.5845070422535211,0.5210140180259895,0.008032128514056224,0.012048192771084338,0.004016064257028112,0.265695067264574,0.1446121171473284,0.0352386744398489,0.899450101072596,0.2262262841277177,0.07796404138928241,0.1532258064516129,2.032863849765258,8.933825901280557e-17,0.0,0.014772136332609046,0.015262393543436965
pre1_09DIV_CS1_FOV1,0.009427121102248005,0.16198109649617723,50.0,147.0,0.5431472081218274,0.5560998180892436,0.009345794392523364,0.018691588785046728,0.009345794392523364,0.2,0.11218274111675128,0.02520299788045557,0.836840357444753,0.2216811262072364,0.08926248407155904,0.16981132075471697,1.8477157360406091,2.0412517628493852e-10,0.0,0.013026374157628681,0.015663012011297522
pre3_09DIV_CS4_FOV1,0.009489213433167767,0.11857966213826272,29.0,300.0,0.9027355623100304,0.18937397734517922,0.006734006734006734,0.006734006734006734,0.003367003367003367,0.32608695652173914,0.28451295411781746,0.07920470878507754,0.8389396667480469,0.16618216942572692,0.04233863777782697,0.08445945945945946,3.1124620060790273,4.215378046623641e-16,0.0,0.028730624999008122,0.019940763365056697
pre3_09DIV_CS5_FOV1,0.005309063329541145,0.09558482645756632,88.0,498.0,0.8344709897610921,0.2636679465358535,0.002044989775051125,0.010224948875255624,0.002044989775051125,0.3378509196515005,0.26756053957419196,0.05863241556509236,0.8131523970534957,0.31858636656859124,0.03293042885430561,0.06352459016393443,3.10580204778157,9.042246118529107e-17,0.0,0.01796293365908589,0.012292888990184858
pre3_09DIV_CS4_FOV3,0.005188652642264959,0.09923680492420629,74.0,522.0,0.790268456375839,0.2879591754254429,0.036093418259023353,0.01910828025477707,0.0021231422505307855,0.31717171717171716,0.2705536912751679,0.05850283457214379,0.8765991257088847,0.13727712018554056,0.03211311763592099,0.059574468085106386,3.087248322147651,1.0993810029003015e-16,0.0,0.014834421328696897,0.010261345273446403
pre3_09DIV_CS5_FOV3,0.0033576850287946928,0.3193959332848212,172.0,142.0,0.08598726114649681,0.9086058854359544,0.07407407407407407,0.07407407407407407,0.037037037037037035,0.2903225806451613,0.08195329087048832,0.025398536633032105,0.9387144168962348,0.020702070207020702,0.17302213456059612,0.3076923076923077,1.0509554140127388,0.00048303414253467614,0.0,0.00012157585263545652,0.0003221404332492834
pre3_09DIV_CS5_FOV2,0.004406417112299465,0.0987997297572363,122.0,253.0,0.536,0.5772983885649405,0.004975124378109453,0.009950248756218905,0.004975124378109453,0.23404255319148937,0.11315555555555555,0.02240993646415808,0.8895382327374037,0.0784456798702793,0.08554925373134328,0.16,1.648,1.3644853747319524e-16,0.0,0.012391965706584856,0.015895101788876775
pre1_09DIV_CS1_FOV2,0.012643969474247417,0.15075853379104345,27.0,240.0,0.9026217228464419,0.19313813963181664,0.012448132780082987,0.02074688796680498,0.004149377593360996,0.3125,0.2909755662564652,0.07215166821038052,0.8008144800869044,0.12652351406717297,0.03925484094052559,0.075,3.363295880149813,8.990061733243904e-12,0.0,0.025879836330278728,0.01708808945865075
pre3_09DIV_CS4_FOV2,0.0034874258921997908,0.17608268061144822,210.0,184.0,0.28426395939086296,0.7915781364392918,0.008928571428571428,0.03571428571428571,0.008928571428571428,0.33383458646616543,0.14753444525018133,0.0299631855840619,0.862496570644719,0.052238805970149384,0.08674214755295837,0.18018018018018017,1.3705583756345177,3.517279373393715e-10,0.0,0.0017785740250298593,0.002892028050576765
pre2_09DIV_CS1_FOV2,0.0134152585765489,0.15199077850367773,13.0,267.0,0.9571428571428572,0.11049588545290505,0.014925373134328358,0.007462686567164179,0.0037313432835820895,0.30633200228180263,0.29444727891156447,0.08154783373748187,0.7866747275799777,0.1948991733694579,0.03450146063019079,0.07116104868913857,3.742857142857143,1.7552858472269506e-11,0.0,0.027057156118423246,0.016102795464405895
pre2_09DIV_CS1_FOV1,0.006053375751148816,0.11608627668334542,80.0,289.0,0.6205962059620597,0.4887052772282167,0.026200873362445413,0.013100436681222707,0.004366812227074236,0.26332288401253917,0.15616208543037816,0.047495165112162896,0.8637913580904688,0.2868608814632686,0.06188619004033489,0.13157894736842105,2.227642276422764,2.8238710811373336e-16,0.0,0.013755169390338612,0.013229335720840544
pre1_09DIV_CS1_FOV4,0.0071587125416204215,0.09959724965238746,51.0,374.0,0.8823529411764706,0.20917727147635168,0.010666666666666666,0.010666666666666666,0.0026666666666666666,0.3220858895705521,0.2752436974789916,0.06924095055751565,0.857129980169461,0.24656825893087994,0.041356477642102055,0.0748663101604278,3.0352941176470587,1.0361997565734192e-16,0.0,0.026619254151546888,0.01866394789596402
pre3_09DIV_CS4_FOV4,0.003861003861003861,0.1842895257512959,165.0,242.0,0.18673218673218672,0.7853008981453778,0.039473684210526314,0.039473684210526314,0.013157894736842105,0.263681592039801,0.13497133497133504,0.03508515356040937,0.9087125716138795,0.07289253252539517,0.11937777777777778,0.24,1.5675675675675675,2.075721101924451e-09,0.0,0.0009705182118975215,0.0014233138219734277
pre3_09DIV_CS5_FOV4,0.005491700570827468,0.09242084360668018,71.0,438.0,0.8349705304518664,0.26615343403004044,0.007058823529411765,0.004705882352941176,0.002352941176470588,0.2983671449777338,0.2532556834128542,0.055775383773052044,0.8759710374925612,0.11192494500689806,0.040128630661947946,0.08254716981132075,2.7897838899803538,8.933825901280557e-17,0.0,0.022013134740552397,0.016701022931363163
pre3_09DIV_CS3_FOV4,0.0058566239157832305,0.1672002296682505,108.0,221.0,0.39209726443769,0.6589533455361585,0.023255813953488372,0.023255813953488372,0.007751937984496124,0.30039525691699603,0.16684035316254167,0.03196887821910829,0.8540798750200296,0.12607944732297066,0.07218897619912791,0.15625,1.9209726443768997,1.8332634854081008e-10,0.0,0.0040142573980883325,0.004689357760800877
pre3_09DIV_CS2_FOV4,0.005668688619295205,0.10121822207018037,76.0,501.0,0.8526863084922011,0.2408865347559004,0.02032520325203252,0.016260162601626018,0.0020325203252032522,0.34622582657517154,0.3163544331655253,0.07232865277070269,0.8470729035660672,0.1246042398414137,0.029040436869664593,0.05295315682281059,3.265164644714038,1.1395811865769906e-16,0.0,0.016760584901079213,0.011002435756855439
pre3_09DIV_CS3_FOV1,0.005265005265005265,0.08700283113677917,73.0,445.0,0.8243243243243243,0.2768353208817131,0.00234192037470726,0.00702576112412178,0.00234192037470726,0.28911917098445594,0.2252528038242321,0.044864287140575276,0.8783642673909761,0.14405083873964977,0.04761032394113262,0.09859154929577464,2.722007722007722,6.382426344785655e-17,0.0,0.02538238226016554,0.019541667798797714
pre3_09DIV_CS2_FOV1,0.004555357496533967,0.09590564141984499,109.0,486.0,0.7210084033613445,0.360433556453383,0.002331002331002331,0.006993006993006993,0.002331002331002331,0.30982367758186397,0.2619847939175671,0.0518399405694437,0.875614366729679,0.07315872038387773,0.036778743718214414,0.06775700934579439,2.7058823529411766,9.519295074422729e-17,0.0,0.012946943132440604,0.01018934407315847
pre3_09DIV_CS3_FOV3,0.002244994414367964,0.36421276844070993,243.0,189.0,0.03935185185185185,0.916099046916345,0.11764705882352941,0.17647058823529413,0.058823529411764705,0.22093023255813954,0.05555555555555557,0.0075293726335393,0.9513518463405155,-0.2041666666666662,0.24816176470588236,0.4375,0.9675925925925926,0.001828895827401846,0.0,4.566429052480963e-05,0.0001401547530501007
pre3_09DIV_CS2_FOV3,0.006776270006958942,0.10628560056303601,52.0,428.0,0.8708333333333333,0.21968409214568665,0.009569377990430622,0.004784688995215311,0.0023923444976076554,0.32875098193244306,0.2884771825396826,0.06598689355812497,0.862009158906534,0.12941250839555848,0.03294421362844322,0.06235011990407674,3.245833333333333,1.446325698095663e-16,0.0,0.020202842975399114,0.01337023627350875
pre3_09DIV_CS2_FOV2,0.004424694854079885,0.0868595726315884,121.0,442.0,0.7246891651865008,0.377634819400987,0.0024509803921568627,0.00980392156862745,0.0024509803921568627,0.30868665977249227,0.227471876850207,0.05003467749262865,0.886175510204081,0.1555610772904844,0.04693283660619981,0.09828009828009827,2.4866785079928952,6.414749916146267e-17,0.0,0.016944846116673375,0.014332110371755632
pre3_12DIV_CS3_FOV4,0.007043084792445406,0.1334190705460361,68.0,323.0,0.7135549872122762,0.38347736936354876,0.0035842293906810036,0.007168458781362007,0.0035842293906810036,0.30205096333126163,0.2417488734624284,0.04771097540373228,0.8413595081302081,0.13902045822753942,0.038840684240725315,0.07194244604316546,2.7468030690537084,8.922127359839438e-14,0.0,0.01284197320200188,0.010259512086942134
pre3_12DIV_CS3_FOV1,0.007440003629270063,0.11608303649104508,61.0,409.0,0.8553191489361702,0.24202456720930277,0.0024875621890547263,0.007462686567164179,0.0024875621890547263,0.35796011768551816,0.30805471124620093,0.07104487697181654,0.8090831350386675,0.19642898002455905,0.0320174799041651,0.06483790523690773,3.4893617021276597,2.241520228978e-16,0.0,0.018500087823682603,0.011450579410752603
pre3_12DIV_CS2_FOV3,0.008798445428047069,0.12555497386276385,30.0,442.0,0.9385593220338984,0.12872004306665155,0.002257336343115124,0.009029345372460496,0.002257336343115124,0.35127330007876084,0.3552865213882167,0.08727710560607195,0.7948507241103876,0.13496112064626517,0.02557578114416786,0.049773755656108594,4.1440677966101696,3.381192895113294e-15,0.0,0.019310430500971226,0.010180647754503499
pre3_12DIV_CS3_FOV3,0.012425249169435215,0.14546628463024844,10.0,291.0,0.9700996677740864,0.08689941046780299,0.003424657534246575,0.010273972602739725,0.003424657534246575,0.319047619047619,0.3199335548172758,0.07100142840249393,0.8042186571598336,0.1627318547364782,0.03251736209688156,0.058419243986254296,3.727574750830565,3.406585994195077e-12,0.0,0.02663288851357608,0.015872068348128546
pre3_12DIV_CS2_FOV2,0.007330616810482582,0.11785708202506867,54.0,394.0,0.859375,0.23622772745405346,0.012987012987012988,0.007792207792207792,0.0025974025974025974,0.3252720677146312,0.2957819586167803,0.06475626025708461,0.8225959432470357,0.14357955195771407,0.031824276526424965,0.059895833333333336,3.2767857142857144,4.230285826495317e-16,0.0,0.018573871184793776,0.012292249571774301
pre2_12DIV_CS1_FOV5,0.007525606824095116,0.1099511162074226,62.0,287.0,0.7936962750716332,0.3213502959140714,0.02888086642599278,0.02527075812274368,0.0036101083032490976,0.3076923076923077,0.22743894119252273,0.04829023844875462,0.8567433887641309,0.185805970389529,0.052148662758559505,0.09782608695652174,2.6189111747851004,1.4750570556665288e-16,0.0,0.024297214084220704,0.019827483510788595
pre3_12DIV_CS5_FOV1,0.010694734465827643,0.13873127786497202,18.0,359.0,0.9416445623342176,0.13070114485969364,0.0028169014084507044,0.01971830985915493,0.0028169014084507044,0.32349841938883034,0.3149109511178475,0.0829286493985177,0.7779899193127311,0.10666424550572125,0.02877566076339296,0.05367231638418079,4.021220159151194,3.4545413404862835e-13,0.0,0.0217186447692684,0.011914505708509323
pre3_12DIV_CS4_FOV1,0.00834344303995617,0.12509352012931746,34.0,472.0,0.9347826086956522,0.13303274340580315,0.008456659619450317,0.006342494714587738,0.0021141649048625794,0.3478561549100968,0.34364608821130654,0.081268201857376,0.7868176874148595,0.1015736695954234,0.02398770158510744,0.046610169491525424,4.213438735177865,2.8683652675276505e-15,0.0,0.017893808014341806,0.009279715800929964
pre3_12DIV_CS5_FOV3,0.0028134446739097904,0.45683982683982705,178.0,81.0,0.04247104247104247,0.952671593182243,0.18181818181818182,0.18181818181818182,0.09090909090909091,0.33,0.0810810810810811,0.02370533799105228,0.9429606156631953,-0.3508771929824541,0.3090909090909091,0.6,0.7258687258687259,0.02935676715282347,0.0,2.7484599016587085e-05,0.00014455679967802674
pre1_12DIV_CS1_FOV3,0.010156510156510156,0.14132456457447928,37.0,327.0,0.8928571428571429,0.19983803427199442,0.012307692307692308,0.012307692307692308,0.003076923076923077,0.3436123348017621,0.3382151578580151,0.07977028621787029,0.786869698672489,0.05170784745035263,0.03065685343463121,0.05864197530864197,3.6868131868131866,4.704587414083861e-13,0.0,0.01966529201586961,0.011797036454941902
pre3_12DIV_CS4_FOV3,0.006707382406514519,0.12851190088985603,77.0,229.0,0.5816993464052288,0.5193965255645636,0.0056179775280898875,0.011235955056179775,0.011235955056179775,0.25035360678925034,0.14967320261437925,0.033893566229643346,0.8693974624626153,0.11473853345018988,0.06895216084748991,0.13559322033898305,2.045751633986928,5.645048112360969e-15,0.0,0.01250930484359404,0.013254900591497623
pre3_12DIV_CS4_FOV2,0.008097210715272024,0.1219257381727019,54.0,372.0,0.863849765258216,0.23395529626290026,0.03804347826086957,0.010869565217391304,0.002717391304347826,0.34295612009237875,0.289526045159848,0.07186519106741111,0.8001522458118443,0.1922498191154899,0.03229133814549266,0.06267029972752043,3.4413145539906105,9.51550036681903e-16,0.0,0.019090473287375002,0.012060554752423807
pre1_12DIV_CS1_FOV2,0.015132455231611662,0.1586520108563416,15.0,218.0,0.9399141630901288,0.14245437866902802,0.0045662100456621,0.0319634703196347,0.0045662100456621,0.3009188361408882,0.30810341303903566,0.07358925345036568,0.7829281269241575,0.06533980339856743,0.040758257591742154,0.0779816513761468,3.5107296137339055,5.1689178545005765e-11,0.0,0.03014830860028432,0.019186930297404148
pre3_12DIV_CS5_FOV2,0.00862245723843954,0.12194765413732678,39.0,392.0,0.9118329466357309,0.1689589882365099,0.020356234096692113,0.017811704834605598,0.002544529262086514,0.3454913880445795,0.3285548558170371,0.07617442293560085,0.7948734416142832,0.1765160683071138,0.03023950076992941,0.05612244897959184,3.7076566125290022,4.537724905030738e-16,0.0,0.021031041837171437,0.012332377107384863
pre2_12DIV_CS1_FOV2,0.012478417830795794,0.14376242731098982,13.0,264.0,0.9566787003610109,0.11150661788516783,0.01509433962264151,0.007547169811320755,0.0037735849056603774,0.29354207436399216,0.2540398831012549,0.06025717565258318,0.7739277191039383,0.2871246323598285,0.03721368920768578,0.07196969696969698,3.444043321299639,1.9027735116694533e-12,0.0,0.02936392650409285,0.018847303486129757
pre2_12DIV_CS1_FOV3,0.006021375884389583,0.19095242564524237,87.0,278.0,0.26301369863013696,0.6051042633295954,0.020833333333333332,0.041666666666666664,0.010416666666666666,0.2921686746987952,0.18512720156555776,0.05606414857183128,0.8829343749999996,-0.0070659400829128855,0.08215143120960296,0.14736842105263157,2.191780821917808,6.313276094645659e-09,0.0,0.002886362288603882,0.003008618094234533
pre2_12DIV_CS1_FOV1,0.011440322645050512,0.1407671859332437,20.0,297.0,0.9400630914826499,0.13461632137404478,0.016778523489932886,0.006711409395973154,0.003355704697986577,0.3088923556942278,0.2960718041159681,0.07005611399659216,0.8040075655820839,0.11331548665057233,0.03388756158059934,0.06734006734006734,3.6151419558359623,1.0223483928054273e-12,0.0,0.025425221000830927,0.015519170900396853
pre3_12DIV_CS5_FOV4,0.009053386728250989,0.12442837374756234,33.0,371.0,0.9207920792079208,0.15768428627185763,0.005376344086021506,0.005376344086021506,0.002688172043010753,0.3450920245398773,0.34724972497249745,0.0763645775339169,0.810769760424472,0.06188128220597594,0.030908011983488602,0.05660377358490566,3.6485148514851486,2.3780890451297054e-15,0.0,0.022070964735079482,0.013188880459839611
pre1_12DIV_CS1_FOV4,0.00926354347406979,0.12919953594375413,38.0,418.0,0.9122807017543859,0.1681595002083672,0.009615384615384616,0.004807692307692308,0.002403846153846154,0.3704728370221328,0.37757936507936557,0.08723021815394309,0.7737355187375272,0.11389858797475051,0.02668719363087196,0.05301204819277108,4.214912280701754,5.5599581470951176e-15,0.0,0.018465555620668088,0.009589460323344992
pre1_12DIV_CS4_FOV3,0.009546479263485346,0.1328740262099637,45.0,354.0,0.8822055137844611,0.21128718409118913,0.002840909090909091,0.008522727272727272,0.002840909090909091,0.3522225992534781,0.32821339061940585,0.08194282013055013,0.771959259542888,0.1144980155791603,0.03099443555284011,0.05982905982905983,3.799498746867168,1.5976315322768775e-14,0.0,0.019360611190901458,0.011166541537811851
pre3_12DIV_CS1_FOV2,0.01136811534073229,0.13660331158168376,26.0,285.0,0.9067524115755627,0.18552778906229467,0.028368794326241134,0.0070921985815602835,0.0035460992907801418,0.3382978723404255,0.2880110243454297,0.08929285654075862,0.8076116202248389,0.26155022132604405,0.03749503413167161,0.0711743772241993,3.5241157556270095,3.964471979867046e-14,0.0,0.025365709891244564,0.015802984062137315
pre1_12DIV_CS4_FOV2,0.009269356597600873,0.13472327004342763,46.0,347.0,0.8829516539440203,0.21041697901779413,0.005763688760806916,0.008645533141210375,0.002881844380403458,0.3475123433345993,0.3332424572882589,0.08392334986951383,0.7919981718177466,0.10789414223578023,0.030299518659097427,0.06069364161849711,3.633587786259542,1.0984008841363746e-13,0.0,0.01890274862019153,0.011443035956658193
pre2_12DIV_CS5_FOV4,0.008308112278203075,0.12562045813825007,39.0,372.0,0.9002433090024331,0.1865970113661052,0.005405405405405406,0.024324324324324326,0.002702702702702703,0.3215200683176772,0.3180801761093731,0.069520694324492,0.832730612244898,0.12403262611564006,0.030181440611740037,0.058265582655826556,3.40632603406326,1.1448632840360684e-14,0.0,0.020081081720281273,0.012890612680892189
pre2_12DIV_CS4_FOV4,0.011949849810630795,0.1306819570902421,22.0,226.0,0.907258064516129,0.18968950511069785,0.008888888888888889,0.013333333333333334,0.0044444444444444444,0.27612655800575264,0.2120967741935485,0.05555970418069237,0.8181828361551554,0.18341656757827965,0.054307681405895696,0.11160714285714286,2.9516129032258065,1.621034036169977e-14,0.0,0.03734255068161234,0.027347382408753423
pre3_12DIV_CS1_FOV1,0.01345901443741797,0.15499125876944223,12.0,278.0,0.9620689655172414,0.10151964036824443,0.007168458781362007,0.010752688172043012,0.0035842293906810036,0.32910775231594347,0.3201395730706075,0.07150515152766569,0.7731911121170968,0.26957177048516945,0.032342842365698996,0.06474820143884892,3.889655172413793,2.947727261934374e-11,0.0,0.02567903260019356,0.014753567043320703
pre1_12DIV_CS4_FOV1,0.010224327464474037,0.1312192361820026,26.0,309.0,0.9194029850746268,0.16499919387430198,0.006493506493506494,0.01948051948051948,0.003246753246753247,0.31438998957247133,0.2829613835583985,0.07652980698370518,0.8069068169592646,0.09321715738042194,0.03560387770830322,0.06840390879478828,3.4149253731343285,2.1353885253463413e-14,0.0,0.02520112390520829,0.01614875873969628
pre1_12DIV_CS4_FOV5,0.010511027022894928,0.13057003886264776,18.0,306.0,0.9444444444444444,0.12830760494234816,0.00980392156862745,0.016339869281045753,0.0032679738562091504,0.2994865944095836,0.2725529100529101,0.06398177957839797,0.8302727272727275,0.1532260788309321,0.035965874659457976,0.06885245901639345,3.3950617283950617,2.924938936887944e-14,0.0,0.027611832935564257,0.017786985784921775
pre2_12DIV_CS4_FOV1,0.009946685764303334,0.1312033967815793,26.0,329.0,0.923943661971831,0.15711304660310613,0.009146341463414634,0.018292682926829267,0.003048780487804878,0.31392045454545453,0.2984171696847754,0.07102694028095537,0.82016,0.1775969483946102,0.03317975524675708,0.06116207951070336,3.5211267605633805,2.1701770155230227e-14,0.0,0.023814518486859428,0.014816048380679552
pre3_12DIV_CS1_FOV4,0.007887771769988033,0.12065496336600476,34.0,445.0,0.9290187891440501,0.1428047034472888,0.03146067415730337,0.0044943820224719105,0.0022471910112359553,0.3238123872519543,0.31056765085992666,0.07051282363207091,0.7988653546870342,0.06344731047187724,0.026332269104816935,0.04954954954954955,3.77035490605428,9.792514021889076e-16,0.0,0.01934198083678605,0.011172836709845698
pre1_12DIV_CS4_FOV4,0.009749361035534669,0.13298862816927726,29.0,283.0,0.8878205128205128,0.20982464916748786,0.01444043321299639,0.04332129963898917,0.0036101083032490976,0.28752642706131076,0.25914479039479055,0.06363790806570865,0.8270027578007322,0.029954264063603592,0.03844109442165853,0.07246376811594203,3.032051282051282,9.577278206607254e-14,0.0,0.024425064960279137,0.01767447263970107
pre2_12DIV_CS4_FOV2,0.009192883125580262,0.12273543494726291,30.0,333.0,0.9090909090909091,0.17810874444456448,0.006060606060606061,0.015151515151515152,0.0030303030303030303,0.3090332805071315,0.2846385937295027,0.06002207843924974,0.8317343537564139,0.13962223814462588,0.0366799339185034,0.0790273556231003,3.327823691460055,1.0798653637955624e-15,0.0,0.02533055764286053,0.016507657930484507
pre2_12DIV_CS5_FOV2,0.00995620698900706,0.12723258006762894,30.0,305.0,0.9074626865671642,0.18166097440091417,0.019736842105263157,0.009868421052631578,0.003289473684210526,0.3167701863354037,0.28419331911869233,0.06472839292727028,0.8272613288036385,0.1982590374588017,0.03776590530340163,0.07260726072607261,3.325373134328358,2.100316448538919e-15,0.0,0.025817183704394342,0.016912737936865086
pre2_12DIV_CS5_FOV3,0.012279009964641594,0.13557138211767386,11.0,295.0,0.9640522875816994,0.09863363475714443,0.006779661016949152,0.01694915254237288,0.003389830508474576,0.32558139534883723,0.3103797074385311,0.07391723256427273,0.7755863782973784,0.15555055111411428,0.036173879213855495,0.06802721088435375,3.7450980392156863,8.68356493481659e-14,0.0,0.029453143063380104,0.017247923401901614
pre1_12DIV_CS3_FOV5,0.008302712406384112,0.12518312919814192,33.0,430.0,0.9222462203023758,0.15408922488981047,0.00234192037470726,0.01639344262295082,0.00234192037470726,0.3292242934455803,0.314518838492921,0.07368637357616303,0.8056037456375293,0.09841717277370864,0.02630206958160363,0.04929577464788732,3.83585313174946,4.879343457053764e-15,0.0,0.018824069193488654,0.010730096313249659
pre2_12DIV_CS2_FOV1,0.009966128191766545,0.1319517513730376,29.0,275.0,0.9046052631578947,0.18754123711398382,0.0036363636363636364,0.01818181818181818,0.0036363636363636364,0.2842339008142117,0.2513471177944862,0.0620091465176526,0.8164784674460441,0.07311620895360653,0.03931279333911334,0.072992700729927,3.0197368421052633,3.8487876080628425e-14,0.0,0.02646856921662889,0.019197288665915108
pre2_12DIV_CS3_FOV1,0.005716134598792062,0.1668279620616668,98.0,207.0,0.2786885245901639,0.7080009864706281,0.011764705882352941,0.03529411764705882,0.011764705882352941,0.25919117647058826,0.1108196721311475,0.019468122249399217,0.8871911712353155,0.2035060975609744,0.11916766706682673,0.23809523809523808,1.7377049180327868,7.951469938251526e-11,0.0,0.00263321629833389,0.003420075862405784
pre1_12DIV_CS3_FOV4,0.011749843994946958,0.1383171873914997,8.0,355.0,0.9807162534435262,0.06384540079744709,0.019662921348314606,0.008426966292134831,0.0028089887640449437,0.34881389909789506,0.3571275525820981,0.09663094074627085,0.7736633869365621,0.1359376944539228,0.028625986015794084,0.056338028169014086,4.253443526170799,2.891805718496787e-13,0.0,0.024409388964012214,0.012660027905445735
pre1_12DIV_CS2_FOV4,0.008277957091323333,0.12574750456041126,58.0,172.0,0.6826086956521739,0.4602326438722776,0.012738853503184714,0.012738853503184714,0.006369426751592357,0.2108843537414966,0.11202898550724638,0.029337984045281387,0.8328213113374293,0.13679405623270083,0.08343436056566875,0.16666666666666666,1.8956521739130434,6.148023410046175e-16,0.0,0.024508608715637575,0.02777062652520545
pre2_12DIV_CS3_FOV2,0.009664630879674275,0.1296431024594262,36.0,270.0,0.8398692810457516,0.2632461083078151,0.0038910505836575876,0.01556420233463035,0.0038910505836575876,0.29910044977511246,0.23575319016495477,0.05901169086939429,0.8287619038254481,0.29661763555079845,0.04487865165977627,0.08984375,2.947712418300654,1.9427981359093627e-14,0.0,0.024330685682383394,0.01796719220808407
pre2_12DIV_CS2_FOV2,0.012176706827309237,0.1398264491539997,23.0,227.0,0.908,0.188187597842466,0.013215859030837005,0.01762114537444934,0.004405286343612335,0.30054151624548736,0.2568761904761906,0.061733161137913946,0.8250012183151049,0.15940549802577506,0.045890498153740314,0.084070796460177,3.032,7.598969196942473e-13,0.0,0.0311415986526752,0.02255218234415233
pre2_12DIV_CS3_FOV3,0.00893661321074733,0.14993570435414344,20.0,394.0,0.5942028985507246,0.32093719352205075,0.052845528455284556,0.016260162601626018,0.0040650406504065045,0.3265073947667804,0.32941683919944803,0.07516305792467479,0.8184029015103754,0.10851732274004208,0.03972084802064181,0.07755102040816327,3.6908212560386473,1.0863336922725675e-11,0.0,0.00959860874471202,0.0058041687251485525
pre1_12DIV_CS3_FOV3,0.008294532224003257,0.13286852812182268,57.0,340.0,0.8488664987405542,0.25376953358656895,0.02373887240356083,0.02373887240356083,0.002967359050445104,0.31755593803786575,0.25838631002358964,0.06239650367369311,0.7763641367759421,0.16533569949719018,0.032012919534777314,0.0625,3.2846347607052895,4.287255229648568e-14,0.0,0.01779002279273301,0.011882512910158882
pre1_12DIV_CS2_FOV3,0.007924355711104041,0.11645621031244269,60.0,389.0,0.8685968819599109,0.22588387928010353,0.010256410256410256,0.005128205128205128,0.002564102564102564,0.36883561643835616,0.34610068229221946,0.08497317745823638,0.8178827755903963,0.11058602051411437,0.032520813709148444,0.06426735218508997,3.5501113585746102,2.419939248987646e-16,0.0,0.019657599964695526,0.011971333700070787
pre1_12DIV_CS2_FOV2,0.010313787459788927,0.13226090740969387,24.0,353.0,0.9389920424403183,0.13247796096952116,0.014124293785310734,0.005649717514124294,0.002824858757062147,0.34790462427745666,0.3284030146099111,0.08736640034615377,0.7900773072885184,0.18619433061166246,0.030492578525741516,0.056657223796033995,3.8779840848806364,1.5950999202041238e-14,0.0,0.0229530259420208,0.012980763922950089
pre1_12DIV_CS3_FOV2,0.011543406562692158,0.1383726405275252,19.0,249.0,0.9253731343283582,0.1625649788825781,0.008064516129032258,0.036290322580645164,0.004032258064516129,0.2738287560581583,0.24446517412935323,0.05524217370375536,0.8138553899008613,0.11693416636137552,0.04157543651676987,0.07692307692307693,3.082089552238806,3.8175087141998146e-13,0.0,0.029830466658008436,0.021285755026591913
pre2_12DIV_CS2_FOV4,0.010365108751778944,0.12992834597862668,14.0,385.0,0.9674185463659147,0.08608145188097231,0.0051813471502590676,0.025906735751295335,0.0025906735751295338,0.35014272121788775,0.3555316863587543,0.08995602178147478,0.7869130068253389,0.15431658849462163,0.028199357334677974,0.05454545454545454,4.12531328320802,1.7114998654421676e-14,0.0,0.023234611470767726,0.012345030622129466
pre1_12DIV_CS3_FOV1,0.007745410208503285,0.12000777418984099,47.0,431.0,0.9016736401673641,0.18104780490002795,0.013921113689095127,0.0069605568445475635,0.002320185614849188,0.33872444308819044,0.3239340506076915,0.0832249294991848,0.8063920357988891,0.11921825380590285,0.027619168322000103,0.053488372093023255,3.694560669456067,4.0741607136574043e-16,0.0,0.018572543093182646,0.010932467464323024
pre1_12DIV_CS2_FOV1,0.01208432949358835,0.14682969596124815,30.0,185.0,0.8558139534883721,0.2630624977972898,0.03804347826086957,0.021739130434782608,0.005434782608695652,0.256198347107438,0.20757475083056473,0.043935801342723124,0.822919362351845,0.05217680292455982,0.0534539569774371,0.09836065573770492,2.5860465116279068,3.586323187206031e-12,0.0,0.030174089527383815,0.025751830615490197
pre2_17DIV_CS2_FOV4,0.018482966309053266,0.1749335044720299,6.0,225.0,0.9783549783549783,0.07769475257542789,0.017699115044247787,0.008849557522123894,0.004424778761061947,0.3453125,0.3750704322132895,0.09513575927735607,0.7628660076903614,0.07241192194063169,0.03491611493499399,0.06666666666666667,4.251082251082251,5.162762554706407e-10,0.0,0.028654605947182374,0.015313627604427227
pre1_17DIV_CS2_FOV1,0.01793781557268137,0.17644623037160442,12.0,201.0,0.9483568075117371,0.13165901375500388,0.0297029702970297,0.019801980198019802,0.0049504950495049506,0.3095723014256619,0.28678739101274303,0.07874613074611246,0.7507117817405883,0.07822144534877423,0.03928904808502681,0.07462686567164178,3.8028169014084505,8.513644466062037e-10,0.0,0.029391107142422317,0.017532526473383346
pre1_17DIV_CS3_FOV1,0.0117794262221825,0.1468218146352167,25.0,310.0,0.9283582089552239,0.1508435523822498,0.01929260450160772,0.012861736334405145,0.003215434083601286,0.3400163666121113,0.33976545842217515,0.08482494175838837,0.7903661454219734,0.013824845126813094,0.03065924763526739,0.05806451612903226,3.934328358208955,4.39772914265224e-12,0.0,0.02200536401984252,0.0124270653312088
pre1_17DIV_CS2_FOV3,0.011840534733826688,0.14976950963899016,23.0,332.0,0.9380281690140845,0.13519926845106106,0.015015015015015015,0.03003003003003003,0.003003003003003003,0.354,0.36289291303375837,0.08194633676553709,0.7614301508844953,0.09793334951063654,0.02786103711492012,0.05421686746987952,4.191549295774648,4.5560521501342155e-12,0.0,0.020559985446843433,0.010937375666427945
pre1_17DIV_CS3_FOV3,0.011080160940885176,0.14213300265432124,22.0,338.0,0.9416666666666667,0.12939127701045594,0.0029498525073746312,0.008849557522123894,0.0029498525073746312,0.34875846501128666,0.35776895943562603,0.08772083854146198,0.7980956040697856,0.0634481978433103,0.02862506466777778,0.05325443786982249,3.977777777777778,1.2924500879252232e-12,0.0,0.02148421627771466,0.011980352693615791
pre1_17DIV_CS3_FOV2,0.017630257066876785,0.20670506270689704,26.0,117.0,0.6713286713286714,0.4748874376569154,0.010416666666666666,0.020833333333333332,0.010416666666666666,0.3067484662576687,0.19840159840159835,0.04905348908138882,0.799740956898973,0.10737793496414315,0.07372345337026777,0.1368421052631579,2.5034965034965033,8.860122564930917e-08,0.0,0.019203351837454325,0.017683630399028937
pre2_17DIV_CS2_FOV2,0.011727274241641819,0.14642482134043167,20.0,327.0,0.9423631123919308,0.12987969969660806,0.027522935779816515,0.01834862385321101,0.0030581039755351682,0.3272933182332956,0.3331000411692052,0.08748061221177456,0.7706319005036157,0.06835993931426754,0.029225444152511323,0.05521472392638037,4.057636887608069,3.699136916918144e-12,0.0,0.021946342215942057,0.012016187469807272
pre2_17DIV_CS3_FOV2,0.010871667357369802,0.13646114700343626,13.0,368.0,0.9658792650918635,0.09070978347097838,0.005434782608695652,0.01358695652173913,0.002717391304347826,0.3447927199191102,0.3627088280631591,0.08263188309975193,0.7742185998976376,0.07751838128506167,0.028008484602370612,0.05449591280653951,4.131233595800525,2.019514113230092e-13,0.0,0.022838764374006084,0.012183915551317143
pre2_17DIV_CS3_FOV3,0.011455667620051182,0.14258291572475448,12.0,353.0,0.9698630136986301,0.08349744693073419,0.002824858757062147,0.011299435028248588,0.002824858757062147,0.3369039391845197,0.34165688193085464,0.08915574236078593,0.7771286138820731,0.13132181873643656,0.02750909931009962,0.04815864022662889,4.16986301369863,8.434195182538406e-13,0.0,0.022569958061863415,0.012001903735923494
pre2_17DIV_CS2_FOV3,0.01760195189961659,0.1746075124144526,23.0,129.0,0.8223684210526315,0.31334786838175577,0.032,0.016,0.008,0.275797373358349,0.19031954887218047,0.053019646914957294,0.7741520439172631,0.286504746927601,0.06827367325702394,0.12903225806451613,2.6578947368421053,1.1475844193809398e-09,0.0,0.03362205181828743,0.028316521090937966
pre2_17DIV_CS3_FOV1,0.015832263585793753,0.1708460664519328,13.0,234.0,0.951417004048583,0.12282731528301652,0.00851063829787234,0.03829787234042553,0.00425531914893617,0.31986531986531985,0.33198701882912407,0.07918534763257318,0.7431978596219762,0.13652982610795558,0.03438931398560422,0.0641025641025641,3.8947368421052633,4.294795695296283e-10,0.0,0.026031307160960568,0.015140699943701817
pre2_17DIV_CS2_FOV1,0.01124868000183652,0.1399058553223987,20.0,342.0,0.9475138121546961,0.12027576184989769,0.0058309037900874635,0.023323615160349854,0.0029154518950437317,0.3401842664776754,0.35079803560466566,0.08378721266512591,0.779067055393586,0.05131514686388076,0.029421726333177894,0.05555555555555555,4.060773480662983,2.3668653842401355e-13,0.0,0.02259628546990234,0.012288853650763773
pre1_17DIV_CS3_FOV5,0.011481022801777518,0.13832518904543717,18.0,353.0,0.954177897574124,0.1092761417047105,0.00847457627118644,0.00847457627118644,0.002824858757062147,0.3448834196891192,0.34844050827878337,0.08690464876967456,0.7681409273622097,0.06632576377500321,0.029333789993404455,0.056657223796033995,4.247978436657682,1.511020990404774e-13,0.0,0.02307872266454874,0.011962418724223154
pre1_17DIV_CS2_FOV5,0.014133918881401277,0.15745187637482702,20.0,262.0,0.9290780141843972,0.1547416916159938,0.003816793893129771,0.026717557251908396,0.003816793893129771,0.3457142857142857,0.33738038950804905,0.07428904429464171,0.7538169642857141,0.18193204860648565,0.034180310720113995,0.06513409961685823,3.971631205673759,2.6377964916501906e-11,0.0,0.024412468856702972,0.013747264257410389
pre1_17DIV_CS2_FOV4,0.012647655411048802,0.15180981517001074,32.0,258.0,0.8931034482758621,0.20401399282311278,0.003861003861003861,0.03474903474903475,0.003861003861003861,0.33974025974025973,0.30761904761904757,0.08245918632088906,0.7729957280170879,0.18006730281657607,0.036221534058202526,0.06976744186046512,3.6551724137931036,1.0069939673784667e-11,0.0,0.023102851688342682,0.014058348510669918
pre1_17DIV_CS3_FOV4,0.009859154929577466,0.14192257856057977,65.0,220.0,0.6736842105263158,0.4273124884891858,0.005208333333333333,0.010416666666666666,0.005208333333333333,0.3441108545034642,0.2748203842940684,0.06601340451544362,0.8011915754298025,0.22851451225693387,0.06323582823935747,0.13089005235602094,2.8,1.6867258458008738e-14,0.0,0.017838018127985574,0.013809480459240513
pre2_17DIV_CS4_FOV3,0.013956570893922264,0.14532272422409576,14.0,213.0,0.9383259911894273,0.1470991948762712,0.023474178403755867,0.014084507042253521,0.004694835680751174,0.2971153846153846,0.2514579400041955,0.06278308119527284,0.7920203801379483,0.09928029417796518,0.04756571349301457,0.09433962264150944,3.154185022026432,2.247985218112314e-12,0.0,0.035536323037005275,0.024793048241664183
pre2_17DIV_CS5_FOV3,0.014096204350070706,0.16112480790195358,12.0,287.0,0.9565217391304348,0.1131195725364694,0.0034965034965034965,0.03496503496503497,0.0034965034965034965,0.3385309807139926,0.36382120295163756,0.0877335156805606,0.7700591301878372,0.0178367011827173,0.02968306547253916,0.056140350877192984,4.20066889632107,1.0405257970351467e-10,0.0,0.022976655891741988,0.012323098683009398
pre1_17DIV_CS4_FOV4,0.010024308949201815,0.1278969794957581,42.0,241.0,0.8374558303886925,0.27509125291174946,0.004219409282700422,0.02531645569620253,0.004219409282700422,0.3036649214659686,0.2641931684334512,0.06072453570632653,0.830253125,0.03382415345733264,0.051961552587463954,0.1059322033898305,2.8268551236749118,4.307318390850412e-15,0.0,0.028092233987704888,0.021487858055785257
pre3_17DIV_CS1_FOV4,0.020642341084330034,0.1803914238109073,10.0,172.0,0.9505494505494505,0.13269789435165938,0.028901734104046242,0.017341040462427744,0.011560693641618497,0.3254237288135593,0.3168890633176346,0.07553561340931349,0.7480060553633219,0.13506965475469382,0.04584066688133251,0.0872093023255814,3.7362637362637363,8.2103483820678e-10,0.0,0.03454860057070001,0.020947154892556254
pre1_17DIV_CS4_FOV1,0.016186711838885752,0.17013680120962232,11.0,242.0,0.9565217391304348,0.11577728507268463,0.024793388429752067,0.012396694214876033,0.004132231404958678,0.31668383110195675,0.32296254470167507,0.07854190659640414,0.75711908839613,0.026803275998848804,0.03381541395381002,0.06639004149377593,4.07905138339921,3.40447570742336e-10,0.0,0.02605638678737589,0.014447583835854802
pre3_17DIV_CS1_FOV1,0.016123972645711776,0.1644074628013755,12.0,241.0,0.9565217391304348,0.11392831555649187,0.004132231404958678,0.008264462809917356,0.004132231404958678,0.33541341653666146,0.3316017316017317,0.08286382002732884,0.738881360807885,0.1520819363758812,0.03515708540978892,0.06224066390041494,4.063241106719367,1.1241087975819714e-10,0.0,0.027234808804183493,0.015079194194403126
pre3_17DIV_CS1_FOV3,0.013063679827613297,0.15352738718603476,21.0,278.0,0.9331103678929766,0.14646023640591582,0.025089605734767026,0.010752688172043012,0.0035842293906810036,0.3238317757009346,0.30484153527631785,0.07923841713140185,0.7703720433155018,0.12261687848158308,0.032828784547205586,0.06115107913669065,3.8929765886287626,1.0329588611334914e-11,0.0,0.02381789659291847,0.013650173194302739
pre1_17DIV_CS4_FOV3,0.0161508989095196,0.16827247142558097,12.0,249.0,0.9578544061302682,0.11097589476682866,0.02,0.02,0.004,0.3446808510638298,0.3687192118226601,0.08922548096245224,0.7650747242793969,0.027707171359611267,0.03306295059757101,0.060240963855421686,4.199233716475096,2.7820907014773633e-10,0.0,0.025616787685753196,0.01378116388184346
pre1_17DIV_CS4_FOV2,0.012893005654441046,0.14830850260485307,21.0,281.0,0.9337748344370861,0.14523005999943778,0.028368794326241134,0.0070921985815602835,0.0035460992907801418,0.3458856345885635,0.3310864080731631,0.08716078760510766,0.7616003098463581,0.16653164871179366,0.03430520193064158,0.06761565836298933,3.880794701986755,4.495481135784185e-12,0.0,0.025105131533592936,0.014340050264534948
pre3_17DIV_CS1_FOV2,0.01041022094419976,0.14427618734802644,38.0,294.0,0.8734939759036144,0.22546460959617692,0.013793103448275862,0.010344827586206896,0.0034482758620689655,0.33746283448959363,0.32330034423407933,0.08030294736407262,0.8141030734999266,0.11000157246488605,0.03301544232732714,0.058823529411764705,3.4457831325301207,1.2702977504521623e-12,0.0,0.019740428343420366,0.012722503900205637
pre2_17DIV_CS1_FOV1,0.015581340279422212,0.16402931425330308,25.0,181.0,0.8737864077669902,0.24135192846045556,0.005555555555555556,0.027777777777777776,0.005555555555555556,0.29060665362035226,0.24828941285251976,0.05919831430563256,0.7821065954675216,0.04091192629735301,0.05014755400199051,0.09497206703910614,3.1941747572815533,4.1434096063018566e-11,0.0,0.029831965938163108,0.02081696196901179
pre1_17DIV_CS1_FOV4,0.014998764516926118,0.1592059331956658,8.0,277.0,0.9754385964912281,0.07842987469323343,0.0035971223021582736,0.025179856115107913,0.0035971223021582736,0.33648474430597336,0.35549707602339187,0.08644697054691634,0.7539971610724958,0.05137535710098368,0.03148181711378672,0.05776173285198556,4.2596491228070175,4.20571375035067e-11,0.0,0.025954836326869554,0.013668228626651666
pre3_17DIV_CS4_FOV4,0.012397549136627675,0.14704892181998025,11.0,344.0,0.971830985915493,0.08056242473234095,0.002898550724637681,0.008695652173913044,0.002898550724637681,0.3484119345524543,0.3727028839704897,0.0884817820019353,0.7730393958219699,0.08270596204535281,0.027420325126782198,0.05232558139534884,4.3887323943661976,2.425611361073221e-12,0.0,0.022559646865041326,0.011435087903165081
pre3_17DIV_CS5_FOV4,0.010295157299399081,0.13932285576215742,33.0,336.0,0.907859078590786,0.1787130887181641,0.008955223880597015,0.023880597014925373,0.0029850746268656717,0.3298368298368298,0.318940078289672,0.07696262687674543,0.7843966754059039,0.14694397318572036,0.030549357982578056,0.059880239520958084,3.7886178861788617,3.098849302163309e-13,0.0,0.02066347505673848,0.0120279050025681
pre2_17DIV_CS1_FOV2,0.014204072573933307,0.16037881642081325,16.0,253.0,0.9368029739776952,0.14516166106281547,0.01984126984126984,0.01984126984126984,0.003968253968253968,0.3250270855904659,0.3232961586121437,0.07812913756221343,0.7620029449462891,0.06247910075365852,0.03436428194765364,0.06374501992031872,3.806691449814126,6.528180686998786e-11,0.0,0.02505776534810598,0.014781026327470458
pre3_17DIV_CS4_FOV3,0.013296428959079561,0.152842083768787,10.0,323.0,0.972972972972973,0.07975179114312965,0.018518518518518517,0.04938271604938271,0.0030864197530864196,0.3460764587525151,0.3503932503932509,0.08204712566255175,0.7481632653061224,0.07798362774666173,0.027890934767258704,0.04953560371517028,4.414414414414415,8.101443777983053e-12,0.0,0.022903568220788754,0.011602283375088883
pre1_17DIV_CS1_FOV3,0.011261495748741975,0.14975983192792855,30.0,310.0,0.9117647058823529,0.17478083773529496,0.041935483870967745,0.012903225806451613,0.0032258064516129032,0.3353960396039604,0.3386834733893559,0.07939948210677808,0.7682211105861574,0.15129952812523303,0.029955495283473053,0.05825242718446602,3.8176470588235296,8.692777725936851e-12,0.0,0.020300539967780584,0.01185312392134404
pre3_17DIV_CS5_FOV3,0.011631440806741262,0.14593767476358005,14.0,367.0,0.9658792650918635,0.08954127902206901,0.002717391304347826,0.005434782608695652,0.002717391304347826,0.34672060098237506,0.3522705495146443,0.08414070575097662,0.7524994216913694,0.15943013238517764,0.025760552409463733,0.04904632152588556,4.41994750656168,1.9271328866602095e-12,0.0,0.02080820650091979,0.01047404547615697
pre3_17DIV_CS5_FOV2,0.012055755858872006,0.1461665126126869,18.0,335.0,0.9518413597733711,0.11399954333933314,0.03273809523809524,0.008928571428571428,0.002976190476190476,0.3378839590443686,0.33988938351544584,0.08710307886688266,0.7757642143240385,0.07634801030579678,0.028645472000339456,0.05373134328358209,4.243626062322946,2.455501026035062e-12,0.0,0.022185426576361425,0.011606083413819513
pre1_17DIV_CS1_FOV2,0.013523260007212405,0.1657099555364121,30.0,206.0,0.8686440677966102,0.24352673884585566,0.004878048780487805,0.00975609756097561,0.004878048780487805,0.29949664429530204,0.25276432606941096,0.06740168769066723,0.7990364444444445,0.07937356881947737,0.040556633940041824,0.07352941176470588,3.1779661016949152,3.594408798379689e-10,0.0,0.023438776233583307,0.01663680730857073
pre3_17DIV_CS4_FOV2,0.013171225937183385,0.1510931637339693,17.0,313.0,0.9515151515151515,0.11593130360018791,0.01910828025477707,0.012738853503184714,0.0031847133757961785,0.3484688489968321,0.36088744588744603,0.08839594475723352,0.7657870800528143,0.07655333568561283,0.029592943510728373,0.054313099041533544,4.333333333333333,6.589857999561577e-12,0.0,0.022803766031581275,0.011727099464043376
pre2_17DIV_CS1_FOV4,0.014611030670001317,0.1541421812313375,25.0,189.0,0.8878504672897196,0.2197671731256428,0.005263157894736842,0.021052631578947368,0.005263157894736842,0.3032069970845481,0.26868417148790985,0.07117656701369787,0.7887932978023069,0.1428144383827806,0.05178937938614909,0.10582010582010581,3.1121495327102804,8.086405826088043e-12,0.0,0.03265771079779093,0.0231568938953433
pre1_17DIV_CS1_FOV1,0.015543193717277488,0.16824826397360854,19.0,173.0,0.90625,0.19769521842133927,0.005747126436781609,0.040229885057471264,0.005747126436781609,0.2687116564417178,0.2328125,0.05813863158103765,0.782437673130194,-0.021537494104701595,0.04753241675797471,0.08670520231213873,2.96875,1.0674445531590367e-09,0.0,0.0312055088637825,0.023683827806864448
pre3_17DIV_CS4_FOV1,0.01527363184079602,0.1650086768113275,18.0,183.0,0.9104477611940298,0.19147810825722286,0.01639344262295082,0.01639344262295082,0.00546448087431694,0.2903225806451613,0.2607675906183368,0.04825315373711701,0.7802682256575666,0.0970578875806407,0.0463035733257315,0.08791208791208792,3.054726368159204,3.9007253069961445e-10,0.0,0.03092227305682643,0.022742962710875586
pre3_17DIV_CS5_FOV1,0.011007511007511007,0.13945998058371187,25.0,327.0,0.9318181818181818,0.14464545795414888,0.009146341463414634,0.012195121951219513,0.003048780487804878,0.3407202216066482,0.32881042568542573,0.08120550687770099,0.7777584342560554,0.09185603106183393,0.030918795216064276,0.06116207951070336,3.8636363636363638,3.746395012792225e-13,0.0,0.022596616346616357,0.012907235057970357
pre2_17DIV_CS1_FOV5,0.018171666412872444,0.18031667665819912,17.0,182.0,0.9045226130653267,0.2021131334847644,0.005555555555555556,0.03333333333333333,0.005555555555555556,0.3304278922345483,0.3158291457286432,0.08073707565974281,0.7430635747947942,0.13452117842739683,0.04405813384933887,0.0893854748603352,3.5979899497487438,1.9272084879082903e-09,0.0,0.02858495935556364,0.018014427421799466
pre3_17DIV_CS3_FOV3,0.01415282392026578,0.1588418294734409,10.0,291.0,0.9700996677740864,0.08689941046780299,0.00684931506849315,0.0136986301369863,0.003424657534246575,0.33360193392425463,0.3572166851236617,0.08730926946812356,0.7663835560747548,0.15754393514216256,0.0297814699582462,0.054982817869415807,4.245847176079734,4.3214305614838744e-11,0.0,0.02412730511820503,0.01276222364332421
pre3_17DIV_CS2_FOV3,0.011678933481460908,0.14390933036050962,13.0,367.0,0.9657894736842105,0.09091282751414298,0.005449591280653951,0.008174386920980926,0.0027247956403269754,0.36020881670533644,0.3756787802840437,0.09353961247359294,0.7800563001126851,0.10865968591922319,0.02609877268252628,0.05191256830601093,4.426315789473684,1.4760731699425822e-12,0.0,0.021101235939452855,0.01059327372453391
pre3_17DIV_CS2_FOV2,0.012725475660983445,0.14754314353643042,17.0,268.0,0.9438596491228071,0.1312526857020565,0.0037174721189591076,0.011152416356877323,0.0037174721189591076,0.3122866894197952,0.29854636591478684,0.06938826070432003,0.7817287208973513,0.14779044169078023,0.0355622500602464,0.06716417910447761,3.6140350877192984,3.5899929947194598e-12,0.0,0.026848575178053637,0.01648316744274196
pre3_17DIV_CS3_FOV2,0.009782968221255375,0.12708501610662715,21.0,376.0,0.9395465994962217,0.13260986212051806,0.002680965147453083,0.024128686327077747,0.002680965147453083,0.33297529538131043,0.33319139578585416,0.07718080456252562,0.8049812212844607,0.06941974791566766,0.030469592015317674,0.056451612903225805,3.8740554156171285,5.425564511551961e-15,0.0,0.02309228818491326,0.013009277691075183
pre3_17DIV_CS3_FOV1,0.012429378531073447,0.14871377744836942,13.0,342.0,0.9661971830985916,0.09034060460520348,0.026239067055393587,0.014577259475218658,0.0029154518950437317,0.33976589686807973,0.3608696624189587,0.08649705655729427,0.7487167212329969,0.0289180568321173,0.027319611835412618,0.05263157894736842,4.4,4.203946625492769e-12,0.0,0.022062368931986324,0.0111670434945007
pre3_17DIV_CS2_FOV4,0.013396484873813006,0.14892353077955395,17.0,277.0,0.9455782312925171,0.1278490901613786,0.01079136690647482,0.01079136690647482,0.0035971223021582736,0.3378443692605123,0.3514415289925495,0.08733463811149551,0.7773774588575941,0.07303731802497224,0.034176060733604983,0.06498194945848375,3.925170068027211,5.355007669932688e-12,0.0,0.02592056505616881,0.014666806856777166
