,Density,Efficiency,# of connected components,# of cluster,Fraction of nodes in the largest connected component,Connected components entropy,Fraction of nodes in the center,Fraction of nodes in the periphery,Fraction of nodes in the barycenter,Transitivity,Average clustering coefficient,Average square clustering,Modularity,Assortativity coefficient analysis,Shortest path length analysis,Average eccentricity,Average degree,Average communicability,Average node similarity,Average node betweenness centrality,Average edge betweenness centrality
pre3_05DIV_CS4_FOV5,0.0433013208679485,0.281235014831851,0.9588235294117646,0.2573913043478261,0.05195703234091369,0.9481207888278108,0.05240950477459472,0.17313573276876026,0.07942597328786587,0.663544106167057,0.1329586142485441,0.03284939950064625,0.9150172130167076,0.7182791176441895,0.23248659041275443,0.27972070802964416,0.0,0.00010904973427744828,0.0,0.0009153051211611611,0.003833775418147031
pre2_05DIV_CS1_FOV1,0.11478030229753536,0.24182492578243642,0.5294117647058822,0.21217391304347827,0.09178582380709403,0.9059667038173806,0.0489257161892072,0.12005998588567396,0.152653452685422,0.42701863354037267,0.14996915625214172,0.1337523850965093,0.8217959580786593,0.5646972518064205,0.27070657125102043,0.37672606428694205,0.14130434782608695,2.534614726873902e-05,0.0,0.0048249480261463905,0.01673123355356598
pre3_05DIV_CS5_FOV4,0.0,1.0,0.6499999999999999,0.006956521739130438,0.0019946472545528497,0.9999999999999999,0.5540750610703975,0.8882615855092918,0.8326229042341574,0.0,0.0,0.0,0.8481913051215684,0.0,1.0,1.0,0.0,0.9999999999999999,0.0,0.0,0.0006077755618617682
pre3_05DIV_CS4_FOV4,0.024133668219830512,0.6948616418028566,0.9588235294117646,0.13043478260869568,0.00406273164080539,0.9861752123166195,0.2753719742393959,0.4413079275464596,0.414180164819551,1.0,0.09121739271533995,0.04588476046116321,0.9999999999999996,0.5055919608827434,0.6067939476821227,0.5822380106571936,0.0,0.19116649140117678,0.0,3.679583675610166e-05,9.352678812248397e-05
pre3_05DIV_CS5_FOV6,0.01994201102257214,0.4924992695257731,0.9470588235294117,0.11826086956521739,0.014510371332166013,0.9803919089228957,0.3311125916055963,0.3966125617501764,0.24680306905370847,0.31746031746031744,0.02583853479102313,0.0,0.9359439318356313,0.2757774332087689,0.5094505390186325,0.5938425103611605,0.0,0.03131227194631749,0.0,0.00014426549255772752,0.0011155175291702843
pre3_05DIV_CS4_FOV6,0.05698497294186388,0.4097955239931435,0.8911764705882352,0.34956521739130436,0.0247750349129015,0.9364509922234877,0.2753719742393959,0.21783109856504349,0.13521833854314672,0.5841741901221456,0.14127953853497668,0.08987376908786338,0.9502545183103464,0.8318443649602216,0.308374590790354,0.38564413331940234,0.08683206106870228,0.006741616102247007,0.0,0.0005811101090833391,0.0018893290804950958
pre2_05DIV_CS1_FOV2,0.08359492266530305,0.20281315368751773,0.6911764705882353,0.2173913043478261,0.09513771331662588,0.9079886438128701,0.039546285382394644,0.09749742142120406,0.06011323146873018,0.6912442396313364,0.16425035262881305,0.1291670021985608,0.7776110136036674,0.6413693072682153,0.2544179652153249,0.340375806300832,0.0,9.880872307153578e-07,0.0,0.0050255703832154525,0.017940155097152077
pre2_05DIV_CS1_FOV3,0.06663344688250009,0.2551334898784174,0.8470588235294118,0.45217391304347826,0.04017540815144605,0.9210074242260995,0.11611306747882365,0.09013005343280571,0.08540372670807453,0.6211180124223602,0.21371000569893325,0.18427945611994287,0.9795265836572837,0.6771320904679612,0.3002796162031027,0.40043418196171304,0.0801056338028169,6.861421838614819e-05,0.0,0.0009382965965285454,0.0024369203438022115
pre3_05DIV_CS5_FOV3,0.01184410284880473,0.7129360393267291,0.9588235294117646,0.08347826086956522,0.0076846305754332805,0.9867030332455459,0.47444560769011135,0.9521121080754107,0.35440263061746435,0.49833887043189373,0.03697074616355149,0.0,0.9144442806493838,0.38541026526307576,0.4703051300229095,0.477797513321492,0.0,0.1326811274262934,0.0,5.102026295853277e-05,0.0005230147840809336
pre3_05DIV_CS4_FOV3,0.028318458516588256,0.7342000364136381,0.9411764705882353,0.12869565217391304,0.006800171865251196,0.979924771739579,0.2355572475492529,0.5690089726786973,0.7130678358299841,0.9700176366843033,0.13967267548569365,0.10665277655845251,0.9474285669048474,0.6342880963801697,0.4826236153712139,0.477797513321492,0.0,0.18758903148824932,0.7071067811865476,7.842452355079352e-05,0.0004597924482324028
pre3_05DIV_CS4_FOV2,0.10408744195876612,0.048629684872806486,0.5941176470588235,0.751304347826087,0.22100146573118346,0.6949146326461714,0.008044523605578141,0.030840282478552458,0.012816720891255053,0.6482281763180641,0.3921572408606393,0.2746231474054102,0.8343831108521211,0.9084314608027401,0.11857824429199126,0.17019878829168592,0.13914373088685014,4.226370630121282e-16,0.0,0.03492239985692489,0.056475902974444686
pre3_05DIV_CS5_FOV2,0.041631819313985276,0.4416272984730722,0.8558823529411764,0.18260869565217394,0.024056471565544114,0.9639043176182184,0.11611306747882365,0.18590583728198404,0.17507002801120447,0.36075036075036077,0.04032095072557495,0.0,0.9342701695550333,0.8704225235651779,0.37197591857401785,0.43762809126929914,0.0,0.011351775562611542,0.0,0.0003177850575304754,0.0017901310080226246
pre2_05DIV_CS1_FOV4,0.07492458235732252,0.3494056259711921,0.7705882352941176,0.45913043478260873,0.02712342239398928,0.9176866610529756,0.16389073950699537,0.2625264643613267,0.12127024722932653,0.5889057750759878,0.24091515420995163,0.08577304361794298,0.9854224825169076,0.6055345578014264,0.3031900326689313,0.367860147704964,0.08333333333333333,0.0017011886534796794,0.0,0.0008221307028609494,0.0021200735942490953
pre3_05DIV_CS5_FOV1,0.044229337889176025,0.48770681563686774,0.9294117647058823,0.2765217391304348,0.014358043840908425,0.9513413194692338,0.13602043082389517,0.21783109856504349,0.2049587951122478,0.3421727972626176,0.05707097246771438,0.05231154930855795,0.9754201281631958,0.816406690933611,0.4142102091393083,0.5252704666559018,0.0,0.02112607893943143,0.0,0.00034773189997884687,0.001411081005802927
pre1_05DIV_CS1_FOV1,0.11108302018122951,0.13892576954703284,0.5852941176470587,0.6226086956521739,0.12153693388551443,0.7688779827395315,0.019266434989286426,0.048713498254782654,0.029665215087209977,0.6674082313681869,0.366896745173861,0.30853828885046475,0.8242507435125237,0.8199117823471967,0.1461123564933824,0.1988126231781795,0.07885615251299827,4.390278845965529e-09,0.0,0.013435071429329292,0.024290029157601124
pre3_05DIV_CS4_FOV1,0.04534472313845244,0.4219869691857044,0.9588235294117646,0.271304347826087,0.022220812672515182,0.9521842108555488,0.20569620253164558,0.24576570218772054,0.152653452685422,0.5952380952380952,0.13787414713191357,0.10785453033600907,0.9578265284889986,0.938956498782239,0.3455188734445856,0.4429840142095915,0.0,0.012242560989166311,0.0,0.000377075144213087,0.0014447008232866617
pre3_05DIV_CS2_FOV3,0.022555178221011357,0.6331960502508205,0.9441176470588235,0.13043478260869568,0.0067164034201041434,0.9841942411524488,0.2355572475492529,0.5690089726786973,0.35440263061746435,0.3401360544217687,0.029710174218844698,0.0,0.9993070439963296,0.7583879413241159,0.5565345274610405,0.477797513321492,0.0,0.1886585394454188,0.0,5.6261222444403245e-05,0.0003108384102257887
pre3_05DIV_CS2_FOV2,0.0024005714624119184,1.0,0.5529411764705882,0.0,0.004239250827898434,0.9996363971870837,0.5540750610703975,0.8882615855092918,0.8326229042341574,0.0,0.0,0.0,0.7201126621618039,0.0,1.0,1.0,0.0,0.9999999999999999,0.0,8.389999953893475e-06,0.0014046765959085327
pre3_05DIV_CS2_FOV1,0.00661054035997629,1.0,0.7470588235294117,0.029565217391304348,0.0,0.9969753428354554,0.5540750610703975,0.8882615855092918,0.8326229042341574,0.0,0.0,0.0,0.9292902876272593,0.0,1.0,1.0,0.0,0.9999999999999999,0.0,7.293228536907569e-06,0.0004017839203768386
pre3_05DIV_CS3_FOV1,0.03493363688027434,0.6735267647256584,0.9205882352941176,0.16521739130434784,0.013453332432551446,0.975148173446735,0.6655562958027983,0.2625264643613267,0.49786871270247235,0.7518796992481203,0.09199444065199551,0.049119742766431086,0.9506675704793568,0.6245547752080957,0.3369917441423704,0.41977501480165774,0.0,0.09645687682436813,0.6697811566101117,0.00013389973880087534,0.000707802097511546
pre3_05DIV_CS2_FOV4,0.06535676785811581,0.2392561290617536,0.8411764705882352,0.32173913043478264,0.06912954948563743,0.9259021570142669,0.04067463796065781,0.0649258997882851,0.12787723785166238,0.6364922206506365,0.17368652561664322,0.146606471349078,0.9005356690796682,0.988115991283067,0.2247012140993878,0.2943209639479622,0.09266802443991852,8.092088651837198e-06,0.0,0.00189648820242556,0.006113546921591482
pre3_05DIV_CS3_FOV4,0.004264990995445965,1.0,0.8911764705882352,0.04695652173913043,0.001153426455893605,0.9968158126927485,0.41472351765489673,1.0,0.6234015345268542,0.8928571428571428,0.017656332107199135,0.0,0.9660879639129853,0.2166822689497474,0.6550824102474759,0.6518650088809946,0.0,0.740639506084467,0.9999999999999999,2.6128384927766243e-06,1.0472256465356633e-05
pre2_05DIV_CS2_FOV4,0.08098423634081839,0.41342665698181297,0.7117647058823529,0.26956521739130435,0.0437430031976058,0.9383034893094219,0.2246986857246684,0.1162507217553089,0.10985817251801906,0.6892230576441103,0.21615245901019572,0.13234652644566158,0.9146937690051096,0.7917236750086927,0.21833611153486432,0.2788632326820604,0.10911270983213428,0.004847652938394989,0.0,0.0008124382184284683,0.0029673927290069543
pre2_05DIV_CS3_FOV4,0.13541269963550737,0.20020581197492238,0.48823529411764705,0.42086956521739133,0.10013052220094565,0.8305269122729287,0.03302146395156852,0.11095087600871405,0.05031691315467586,0.6094104308390023,0.3153800442979846,0.16140288296960284,0.836455801247582,0.8246025230031763,0.19705851135291647,0.25731201894612193,0.10630841121495327,1.222916463077685e-06,0.0,0.00715219594874407,0.015931771462333027
pre3_05DIV_CS6_FOV1,0.012687729776126026,0.6433850488549645,0.9294117647058823,0.07826086956521738,0.013718748149252566,0.9867559227070509,0.18247094529572877,0.590292480200737,0.27469925168134884,0.40816326530612246,0.03591511124167804,0.02185879547680179,0.8695317044938471,0.5766255421637901,0.39100488059319977,0.347246891651865,0.0,0.09546797910443426,0.0,9.489587908134495e-05,0.0010184792312659214
pre1_05DIV_CS3_FOV1,0.009684362460368023,1.0,0.7029411764705882,0.027826086956521744,0.0006181041294740855,0.9959056233630509,0.5540750610703975,0.8882615855092918,0.8326229042341574,0.0,0.0,0.0,0.902809611776211,0.0,1.0,1.0,0.0,0.9999999999999999,0.0,1.4538578098278143e-05,0.0006698361796773328
pre1_05DIV_CS2_FOV1,0.020933158000365687,0.5317490641486926,0.9470588235294117,0.11130434782608697,0.012219831100324713,0.983118590494915,0.18247094529572877,0.4413079275464596,0.27469925168134884,0.8241758241758241,0.09132585572689209,0.06797144318842262,0.9540303510820416,0.2722418250907082,0.5257383140902795,0.6083481349911191,0.0,0.13430082260797932,0.0,9.951198854151159e-05,0.000711546584147235
pre1_05DIV_CS3_FOV3,0.06523547765642365,0.4733971121426997,0.6941176470588235,0.15130434782608698,0.03744609519804962,0.9627649826499461,0.10118254497002,0.24576570218772054,0.152653452685422,0.6064690026954178,0.11221808744517238,0.07030161021326833,0.8720385838316473,0.7004555291396354,0.29119435305856306,0.3733570159857904,0.0,0.01512107765775622,0.0,0.00048367813175293064,0.0027801173946810018
pre1_05DIV_CS2_FOV2,0.020222944377155085,0.6863560429680928,0.926470588235294,0.10260869565217393,0.0076846305754332805,0.9846640605937861,0.2355572475492529,0.760560540377054,0.35440263061746435,0.7440476190476191,0.07282116668578324,0.0,0.9471667868551958,0.4353708552045854,0.5195790714161272,0.6518650088809946,0.0,0.133099516734119,0.0,6.602062357815514e-05,0.0005230147840809338
pre3_05DIV_CS6_FOV2,0.08214460360930709,0.2791927303025987,0.7852941176470588,0.5634782608695652,0.056839214381543095,0.8717668484942638,0.1220852764823451,0.09491884262526464,0.05850383631713556,0.6940427993059571,0.28920139017298,0.250744458408584,0.9073160487110088,0.9907054876909732,0.16607498714271401,0.22339117365760347,0.07446808510638299,0.00010491620660443623,0.0,0.0019694146397714633,0.004306126917961057
pre1_05DIV_CS3_FOV2,0.006506575396763463,0.7767280305874562,0.8852941176470588,0.05217391304347826,0.004055758043290603,0.993693221897454,0.6655562958027983,0.7988708539167254,0.49786871270247235,0.4464285714285714,0.02263632321435787,0.0,0.936420877409835,0.25279598044137197,0.663705349991289,0.738898756660746,0.0,0.6065106358217299,0.0,2.004759512479741e-05,0.0003168888860222424
pre2_05DIV_CS3_FOV2,0.07654432579584977,0.2402769972532383,0.7647058823529411,0.44173913043478263,0.049199106490178855,0.8994625507842775,0.10455395327845952,0.12411500899219158,0.07672634271099744,0.44980208708168407,0.15837796028742296,0.18166258348510297,0.9365780733414701,0.5595530518354255,0.2740041054402518,0.3733570159857904,0.0852059925093633,1.52863003010791e-05,0.0,0.0016308076572798945,0.0043717520119443895
pre2_05DIV_CS3_FOV3,0.08889565069598451,0.13997353439005628,0.7088235294117646,0.5443478260869565,0.1276135335909243,0.839468000372256,0.14868875295257708,0.16849205840031525,0.0283433531515373,0.5961580922941047,0.26422977839867706,0.19726557235801134,0.8810494962776212,0.8332904540474848,0.1273938309777679,0.147985416471908,0.07926829268292683,1.6688918993150477e-08,0.0,0.006819081469667241,0.01483900641649318
pre2_05DIV_CS3_FOV1,0.12084394612380578,0.08324932027795166,0.5352941176470588,0.6243478260869566,0.23368274992984697,0.7196099411575484,0.02181503058111635,0.0649258997882851,0.014614541468761417,0.6430120855283544,0.3738538361888486,0.22802721355294037,0.7900733767300756,0.8849359952089271,0.0891313283916112,0.11383820442435008,0.08110516934046345,1.965219177601238e-12,0.0,0.030119960996335758,0.05167199565635018
pre1_05DIV_CS3_FOV4,0.016000639146593706,0.5844660569266541,0.9617647058823529,0.10782608695652174,0.012052274896224511,0.9861645582655812,0.18247094529572877,0.7392770328550144,0.27469925168134884,0.2232142857142857,0.01510933065408239,0.0,0.9651313268619321,0.606710353059293,0.44489825399203164,0.477797513321492,0.0,0.09291781493083666,0.0,6.570874123218723e-05,0.0004987352060371002
pre1_05DIV_CS2_FOV4,0.05028657308935718,0.5485846727513659,0.6558823529411764,0.08000000000000002,0.028599346561630712,0.9773812391356004,0.3007086184967597,0.48194007827035346,0.22397891963109354,0.7936507936507936,0.10386077710117138,0.20052751717110423,0.8411776489107732,0.45029284016119425,0.37444491676701314,0.3733570159857904,0.0,0.07162729827725413,0.0,0.00025863901417515564,0.002462699063153763
pre2_05DIV_CS4_FOV3,0.0828455252046883,0.42394429869777756,0.5499999999999999,0.11478260869565218,0.04222225724171932,0.9553456482894213,0.2355572475492529,0.28168162113116235,0.17507002801120447,0.41407867494824013,0.07437649056146156,0.03215338701650143,0.8286311776402644,0.5665066549650025,0.3706638905487547,0.43762809126929914,0.0,0.012755945438497023,0.0,0.0009996992708164658,0.006364898514440916
pre2_05DIV_CS4_FOV1,0.08089516880605804,0.11949422344262038,0.7647058823529411,0.4869565217391305,0.1365899750400321,0.8345148856674912,0.038474350433044646,0.027875793930839797,0.027120630861040072,0.5416981607457798,0.2375947751670294,0.14854841717714354,0.8239561644371158,0.7311314612183949,0.16046956411399393,0.23322166513029202,0.08125,1.8065908568478468e-10,0.0,0.01085079534586963,0.025443056649443366
pre1_05DIV_CS4_FOV4,0.060069510972901634,0.23596882181472795,0.9352941176470587,0.4104347826086957,0.061187866867526565,0.897136579548706,0.1220852764823451,0.06139731827805221,0.05850383631713556,0.687458081824279,0.2471578893403224,0.11654633952195242,0.8732203553738755,0.779245695485945,0.20566907732732329,0.27695040306052743,0.07926829268292683,2.1905304327743474e-05,0.0,0.002731000259402229,0.00782627069814816
pre3_05DIV_CS1_FOV4,0.009421961440945037,0.8437096214112194,0.9999999999999999,0.08521739130434783,0.0019740795088643605,0.9921091174791125,0.6655562958027983,0.7988708539167254,0.49786871270247235,0.8241758241758241,0.036694088731342944,0.06747287514547576,0.9799193412760805,0.6741226145103234,0.6249021211441301,0.738898756660746,0.0,0.6898581053737843,0.0,1.523915881213538e-05,0.0
pre2_05DIV_CS4_FOV4,0.05063526744240717,0.22623059341620977,0.9647058823529411,0.4191304347826087,0.05935905027348084,0.922408307700232,0.038474350433044646,0.12844036697247704,0.12127024722932653,0.5615453728661276,0.15827747627506186,0.06734815453143181,0.9411920078202969,0.883914221267418,0.1869435217889836,0.2100013663068725,0.07724957555178268,1.8340333274049316e-05,0.0,0.0012537561304592723,0.0038706006084302637
pre2_05DIV_CS4_FOV5,0.0628784573172762,0.3485037501617321,0.8735294117647058,0.44,0.018302524140841728,0.9277062898572661,0.20569620253164558,0.32956951305575155,0.3095694799658994,0.5920550038197097,0.2177614293221227,0.09629948511719766,0.9886708822664594,0.3250234034246211,0.4584793840885372,0.5822380106571936,0.07982456140350877,0.002307987408764533,0.0,0.0005568434890520891,0.0014473537215225376
pre1_05DIV_CS4_FOV1,0.010846269558737034,0.7767280305874559,0.7823529411764706,0.04,0.009385956213646218,0.9929372017355419,0.5540750610703975,0.8882615855092918,0.414180164819551,0.7142857142857143,0.04428368085138942,0.0,0.856270936283495,0.40447356870619516,0.5240137261415168,0.5822380106571936,0.0,0.3384097214464129,0.43301270189221924,3.297454953068541e-05,0.0007412956749201822
pre3_05DIV_CS1_FOV1,0.061209532713834176,0.21643108227472146,0.8558823529411764,0.3565217391304348,0.0592742843880656,0.907559161491072,0.0444465594365661,0.07097489666297005,0.06747046644744854,0.5208333333333334,0.18015617934961908,0.16031435160285856,0.897286978838379,0.7843763131451917,0.26531530394309744,0.32420854665134263,0.08817829457364341,5.604159880334542e-06,0.0,0.0021885983078375033,0.007031403763370522
pre3_05DIV_CS1_FOV3,0.05131700492774766,0.41544259436797476,0.85,0.24347826086956526,0.023802687558324827,0.9459461431039223,0.4425938263379969,0.17313573276876026,0.16311452117078715,0.41208791208791207,0.09830919881513997,0.014487454594948875,0.9342704987163768,0.7510957495806142,0.36014267533664407,0.40319715808170514,0.0,0.014699452797396746,0.0,0.0005901823967206515,0.002610717232655839
pre1_05DIV_CS4_FOV3,0.013816158537069995,0.8660368183524737,0.9411764705882353,0.08347826086956522,0.0026559161813339578,0.9909574516978127,1.0,0.530698659139026,1.0,0.9523809523809524,0.0637084148197907,0.0,0.9701536713799475,0.33179472432929846,0.5860988922969712,0.477797513321492,0.0,0.6499206640015918,0.816496580927726,2.0338484405952844e-05,0.00010711505608457174
pre1_05DIV_CS4_FOV2,0.14788437913200936,0.13023470371651086,0.4588235294117647,0.25043478260869567,0.2115769227955164,0.8214386615140753,0.04513898946595989,0.052652572796170714,0.0321237505714321,0.5083884087442806,0.18952968996321579,0.10102955145885602,0.6956478370746453,0.7898690887011772,0.17239821248478307,0.23205516664925296,0.1421875,4.5769164764581685e-09,0.0,0.03298293191917292,0.08592373312620784
pre3_05DIV_CS1_FOV2,0.05255444724083875,0.2853496852061062,0.9117647058823529,0.30086956521739133,0.0467399006703145,0.9370953065164246,0.056390977443609026,0.18590583728198404,0.08540372670807453,0.6276150627615064,0.1607673977156502,0.13573793499365033,0.9377727659348767,0.7101484580907776,0.23640598847115374,0.26504835208209987,0.0,0.0001478765443054349,0.0,0.0009103649155425901,0.0033360837192579085
pre2_09DIV_CS3_FOV1,0.3071983538438217,0.025251188310846925,0.1411764705882353,0.6,0.8377261237530557,0.23493710305133736,0.001587177176000314,0.006185395823820001,0.0031217090416729345,0.7099567099567099,0.6141239969005219,0.5042316433604044,0.42213547378601257,0.9356673586338184,0.031245752013893353,0.04185856426539242,0.3305084745762712,8.627540167038543e-17,0.0,0.5921153567288044,0.5995045335121131
pre2_09DIV_CS2_FOV1,0.47961750205976783,0.05681448475402924,0.07058823529411765,0.5043478260869565,0.9118857605109368,0.14666033173125154,0.05818863232761215,0.0033232393086340484,0.004134269674134013,0.7788043063296938,0.7609919414979799,0.7167024323549607,0.3416552812448037,0.9667677073607852,0.024693849423392172,0.03970817885965644,0.4086826347305389,2.4439164658112186e-14,0.0,0.6728945936243279,0.568194860466795
pre1_09DIV_CS2_FOV4,0.27161968929644703,0.020375724296433126,0.19705882352941176,0.6591304347826087,0.7766218080113527,0.29460150377152927,0.0013661304448719584,0.009420123222823974,0.0027898311254154805,0.7660878447395302,0.7106375972882205,0.5642597568519901,0.5706613749406069,0.8639652231421475,0.034282034781639804,0.04679658769669526,0.2929184549356223,5.8493293493428e-17,0.0,0.49807311277507244,0.49650436802879355
pre2_09DIV_CS2_FOV2,0.5182193347967237,0.06194248229686612,0.023529411764705882,0.5930434782608696,0.980774424209459,0.03631134806608598,0.0013793621153972472,0.00568548908127665,0.0028096970570224413,0.8479866819269587,0.9933652042773707,0.8982553331345083,0.2867873857266101,0.883257298396384,0.011793193162569937,0.014600957341120512,0.4932249322493225,8.612930732457697e-14,0.0,0.6493474274173403,0.46471215124627396
pre2_09DIV_CS3_FOV2,0.3626104232266012,0.03308579078271452,0.12058823529411766,0.6086956521739131,0.8794636705956844,0.18406974674622045,0.0013793621153972472,0.009462562247159741,0.0028096970570224413,0.7783251231527094,0.7334865042134768,0.6572164972555112,0.42761607280487013,0.8582079261767311,0.02673016470984363,0.03820332962037512,0.33211678832116787,1.5699868438795278e-16,0.0,0.6358881082226213,0.5567368712465437
pre2_09DIV_CS3_FOV3,0.34094943472420874,0.02471768037174242,0.13823529411764707,0.47652173913043483,0.8294870185104589,0.25188071515667215,0.014714411016157095,0.018470474149967248,0.004768563665691487,0.6935442053409386,0.5494026255811545,0.5880002388033491,0.5717020064252809,0.830239124613174,0.04796172302379947,0.06493706356483768,0.40029325513196484,6.503313815380953e-17,0.0,0.7220557872973146,0.8032744021221787
pre2_09DIV_CS2_FOV3,0.5567476410108538,0.07140688103902089,0.07352941176470587,0.3756521739130435,0.8658897306592686,0.2143906822754117,0.011733919128989082,0.006434098177217442,0.007046688632366381,0.772986167615948,0.7263546366595985,0.7038805984474368,0.23899720991251083,0.9345712699723289,0.0418944282197714,0.0690145712609405,0.5229885057471264,5.127227710942007e-13,0.0,0.7411006499607683,0.6982383349074415
pre1_09DIV_CS2_FOV3,0.5433488660079239,0.06748918412536746,0.07058823529411765,0.38608695652173913,0.8726581738668717,0.20733615819042994,0.011337470925815538,0.006116207951070335,0.006749076442171069,0.7148765213281343,0.5947396078214449,0.5921776449679484,0.21729280709966758,0.9638450250335338,0.040802707072953644,0.05681489190225429,0.513157894736842,1.7510505185667587e-13,0.0,0.7485187221494874,0.707303546690777
pre1_09DIV_CS3_FOV3,0.3402488214194111,0.035390351908417536,0.0823529411764706,0.8486956521739131,0.9545045631394083,0.0707441744661096,0.0,0.0023673829733992747,0.0007387330473502401,0.8438230063809756,0.9061301479988412,0.8707006890055249,0.3320049091069617,0.9252235426406266,0.004319803466646004,0.009795683942948913,0.33955223880597013,1.627393959102827e-16,0.0,0.5107176469384722,0.3666863042079399
pre1_09DIV_CS3_FOV2,0.30550215599395075,0.03195097317180458,0.1411764705882353,0.6834782608695652,0.8611620978765175,0.19793501776968592,0.009532106800594476,0.00466858476738505,0.0021750060113231466,0.7545721959329837,0.6880881083983148,0.5679854440177312,0.46007892988295307,0.9167526775962752,0.017527790479027236,0.022716168889578864,0.2960954446854664,1.77873999014607e-16,0.0,0.5052517129201692,0.4640417599850398
pre1_09DIV_CS2_FOV2,0.5695219580859673,0.07421791226370207,0.07941176470588235,0.2939130434782609,0.8004144432412745,0.2948208071596058,0.026178626014029864,0.0495661920378596,0.010505992678401282,0.6546804768418995,0.5462719682372853,0.6182364544242427,0.35703422609872915,0.9172745596093699,0.0636802038848206,0.07919324834203915,0.6319444444444444,6.401049031675786e-13,0.0,0.7526689184013539,0.8398600241182099
pre2_09DIV_CS3_FOV4,0.3421105150172789,0.029102112461978122,0.10294117647058823,0.631304347826087,0.9113986053840738,0.14012051099969614,0.005611232440405149,0.005109838892893399,0.0024504105292430843,0.7421150278293135,0.7041412828397359,0.6016360636287147,0.4439600864222073,0.8562406648464453,0.02236175795358667,0.028395373311301486,0.326555023923445,1.3899372552246345e-16,0.0,0.6556078438519028,0.596536555422875
pre2_09DIV_CS2_FOV4,0.31053384165889125,0.03028283132160149,0.12941176470588237,0.8052173913043479,0.9181910453692531,0.12474931504323246,0.0001893474525754761,0.0,0.0010230179028132991,0.8415675766203315,0.8614581391012494,0.7642766957578249,0.4185126863044686,0.9152466472497729,0.00803619222059538,0.010679677136497513,0.34535104364326374,1.270230372912414e-16,0.0,0.4999388490823854,0.39578581506485216
pre1_09DIV_CS2_FOV1,0.3675279477414358,0.11527677374356733,0.21176470588235294,0.23826086956521741,0.3988745384647924,0.6108597053314752,0.015044915111537367,0.038558477514017385,0.02332705657513842,0.6325208269052761,0.33429175262226685,0.3164451642537351,0.3896649533607315,0.8288364919790979,0.12950633639710052,0.18768502072232088,0.39737991266375544,1.226105634216538e-10,0.0,0.18091897097850743,0.29342051930678364
pre1_09DIV_CS3_FOV1,0.344385493956023,0.035674829539187145,0.0911764705882353,0.7582608695652174,0.9331155207931009,0.10611412311293107,0.026663838457470806,0.000367099062947995,0.001366699926217318,0.8139690468756969,0.7993387723479954,0.7447698973636588,0.37836268037792564,0.9427645013044484,0.00932158538802913,0.014269463348434347,0.3737166324435318,1.981948130964908e-16,0.0,0.5387601844603278,0.4209935825071648
pre3_09DIV_CS1_FOV3,0.2779840249619986,0.026792804762272457,0.17647058823529413,0.9060869565217392,0.9067059208342364,0.13751854632085708,0.009171455789598212,0.0018731161661796995,0.0004302411740803591,0.8429248476641842,0.8694040323405661,0.8146261143048625,0.3140239375966929,0.8942952840277434,0.004245337394974395,0.006446205121040972,0.30282861896838603,8.7066380388661e-17,0.0,0.43979955067893983,0.33681280096698263
pre1_09DIV_CS4_FOV3,0.3089568216877332,0.03471614159292645,0.13823529411764707,0.7460869565217392,0.9014479380951796,0.14846252040948105,0.011905502633779454,0.006571681646392728,0.0014564605677865874,0.7698887938408896,0.7585560998762557,0.6679423349736423,0.39240383239160925,0.8789655571610072,0.010049801291090177,0.015207182656512323,0.2752016129032258,1.8426706411901988e-16,0.0,0.4942944899357878,0.41886742425575607
pre1_09DIV_CS4_FOV2,0.3122661813254803,0.028925469296365094,0.0911764705882353,1.0,0.9589639339210091,0.06102663582535471,0.005186129450767966,0.003460286384228379,0.0,0.8759371095376925,0.993061233398084,0.9256811550089165,0.20431716191296667,0.8339153557605645,0.0,0.0,0.3634185303514377,9.841733271690426e-17,0.0,0.4621462739359844,0.30619019770721567
pre3_09DIV_CS1_FOV2,0.3980692387621068,0.047948333169777715,0.09411764705882353,0.52,0.890692893268327,0.1739001818613714,0.023903716740414103,0.0030895202278521166,0.003915459400018328,0.730260155180283,0.6799520325531877,0.6991879041182634,0.4074997526242772,0.8407325234788151,0.024050844727987797,0.03068296590394594,0.38888888888888895,2.207427537072411e-15,0.0,0.6215511806344185,0.5937873699684684
pre2_09DIV_CS4_FOV4,0.3102555468119482,0.07945505259186646,0.18529411764705883,0.45217391304347826,0.48209137448936495,0.5133232578526664,0.017061796200906715,0.01888221422792915,0.011046306115235067,0.7093204709887927,0.48806778923565475,0.46780253250727494,0.535754896956063,0.9836496751679995,0.07004058782819345,0.10937244603297411,0.2653061224489796,2.5475356978926344e-12,0.0,0.1929058498632035,0.23925638112485026
pre1_09DIV_CS4_FOV1,0.4950781499606698,0.0543424884290027,0.06176470588235294,0.4173913043478261,0.9135217464707817,0.14806570520774653,0.03648361409853748,0.010316900225157102,0.005700347771959023,0.7010231148162183,0.690858973375995,0.6752208345626927,0.38881119848406787,0.8338969904552428,0.035706479813356,0.042975522421857856,0.48576512455516013,1.785861313420868e-14,0.0,0.80203337907314,0.7812164406073697
pre3_09DIV_CS1_FOV1,0.3154831189329617,0.025453760641222248,0.1323529411764706,0.6591304347826087,0.9015040897668425,0.1513478170609876,0.0009238963676463361,0.018237289474771087,0.002125864174633234,0.7258173924840592,0.6596128445839413,0.5720688881278481,0.4641153779443612,0.8793449073850526,0.019879290382233412,0.024866785079928955,0.30743243243243246,1.168137037316433e-16,0.0,0.6072892278063671,0.5601064338325781
pre2_09DIV_CS4_FOV5,0.20618363123715927,0.017741592196459335,0.3558823529411765,0.5739130434782609,0.6238639971084156,0.4507094284882124,0.002435158170415126,0.0036015866449273593,0.004394861392832994,0.739778066580026,0.5286456851568585,0.4129699947857893,0.5537544924949587,0.9038786814536817,0.058726827077962195,0.08930777409699645,0.19320594479830147,4.480202268946218e-17,0.0,0.355226583062606,0.4446538758105954
pre1_09DIV_CS4_FOV5,0.4394279936091202,0.10212396413840193,0.13823529411764707,0.2347826086956522,0.382188968113938,0.6383910585375074,0.08353738200507023,0.04659560622863374,0.0283433531515373,0.7103393843725335,0.4829269054073031,0.3853450019220903,0.6204485150716308,0.8192566815482367,0.20900108206259407,0.29914929419463404,0.4504950495049505,3.557488064493474e-12,0.0,0.2344017165254276,0.35644082867331567
pre1_09DIV_CS4_FOV4,0.3907089693874641,0.04716364472704597,0.0911764705882353,0.56,0.9038374702246843,0.15465453238533466,0.01687696621185071,0.006507088078085058,0.003322490167747119,0.7516703786191536,0.7212993735022579,0.6489406653161646,0.41806281756493124,0.8765383569495061,0.020491228513881486,0.02838688842241241,0.36595174262734587,3.3241100900424453e-15,0.0,0.6105728985988587,0.5578621553243962
pre3_09DIV_CS1_FOV4,0.4321888069391699,0.04986354895826574,0.05882352941176471,0.5408695652173914,0.9229876233593052,0.1321445820774068,0.0019274362165265092,0.011220445355809731,0.0036325714316352746,0.7176041148166584,0.7112117169920622,0.6428418470454629,0.3044857523919129,0.8475773648037922,0.02274636177247636,0.028077390724543475,0.38888888888888895,3.7986973210077884e-15,0.0,0.6764279117190272,0.5977939799587002
pre2_09DIV_CS4_FOV2,0.2042461130328693,0.049178404068683054,0.34411764705882353,0.351304347826087,0.4362283568633474,0.6579620379055667,0.01942015980276188,0.030840282478552458,0.012816720891255053,0.6425582785415421,0.32701044926734185,0.19015495066081922,0.6308965583791868,0.9349457093330065,0.11562600830523842,0.1630453295700625,0.13421828908554573,3.480381382169408e-16,0.0,0.19596634787496464,0.3483215866490506
pre2_09DIV_CS1_FOV4,0.20863139802646674,0.006001984753157857,0.27058823529411763,0.5460869565217391,0.591708199385078,0.49102336744377784,0.010100361472539055,0.010509221076259873,0.005820382981200161,0.6326073030108904,0.38299793506176266,0.36467278666340436,0.6830475079703047,0.9299552272171403,0.08625749233753574,0.11562482094768808,0.2136150234741784,3.070303089669451e-17,0.0,0.3955823275950291,0.5386670978989668
pre1_09DIV_CS1_FOV1,0.4403619981558654,0.10063518347110902,0.12941176470588237,0.231304347826087,0.5490870773267483,0.528707379528767,0.012297097884899163,0.01941709152546844,0.01920150425062345,0.4761904761904762,0.2971103600779957,0.2608170601032692,0.416710303797466,0.9265082342588334,0.10379413461821127,0.1329468145715339,0.4619289340101522,2.4564006914233674e-10,0.0,0.34883221064731484,0.5528249556141507
pre3_09DIV_CS4_FOV1,0.44346039730107145,0.042493241124584066,0.06764705882352942,0.4973913043478261,0.9196412503877338,0.1348243559248477,0.007929618189444971,0.003383636411159346,0.00419081407998714,0.7763975155279503,0.7535182810056743,0.8196619858338096,0.4256406098191099,0.8844184946796684,0.03096226477322738,0.043804906149488745,0.4148936170212766,4.304653059971235e-16,0.0,0.7693795073711577,0.7040006997851298
pre3_09DIV_CS5_FOV1,0.23487145699141676,0.01168862763210253,0.24117647058823527,0.8417391304347827,0.8492949170440403,0.2146200233394649,8.855718546190794e-05,0.008064504490462726,0.0008716921462281011,0.8044069515511917,0.7086206618254997,0.6067664778204603,0.31594347777969034,1.0,0.016359509417176094,0.021940424540663306,0.23293515358361774,3.2007738060860396e-17,0.0,0.4810293319505474,0.43372479912264783
pre3_09DIV_CS4_FOV3,0.22886297953528273,0.016580934179095994,0.2,0.8834782608695653,0.8037444062585871,0.2407100928657182,0.057024969906827865,0.019975816855382095,0.001067906161818553,0.7551707551707552,0.7165478738974485,0.6054254891894086,0.5858411541610744,0.8624972538925313,0.015090936847322947,0.01781489739616795,0.22902684563758388,5.5492467015846433e-17,0.0,0.397250270051869,0.3619300387928021
pre3_09DIV_CS5_FOV3,0.13749793647051,0.3115131072184373,0.48823529411764705,0.22260869565217392,0.07798581908248117,0.9073176115307958,0.12053692599995065,0.09367730468647899,0.08872470083041267,0.6912442396313364,0.2170491781330849,0.26284062265027963,0.8500749943370871,0.7740881417295656,0.2337999300615775,0.27695040306052743,0.1449044585987261,0.0005812736058782088,0.0,0.0032520173132009065,0.01067851341740092
pre3_09DIV_CS5_FOV2,0.18982952948608375,0.015995414379231757,0.3411764705882353,0.4156521739130435,0.5417219116743247,0.5514757697193986,0.004988382537678032,0.007696169821323867,0.008228253447171645,0.5572441742654509,0.2996868102995267,0.231912638861719,0.6408831554660654,0.8178801989867077,0.09803072155206705,0.12269982238010657,0.24266666666666667,8.739459578464649e-17,0.0,0.33184325894245237,0.5610270089684644
pre1_09DIV_CS1_FOV2,0.600882308771039,0.0856010814089231,0.06176470588235294,0.3930434782608696,0.9195239393352472,0.13886726607208033,0.01748488559494224,0.022172961987953037,0.006155086967133958,0.7440476190476191,0.7706341849356715,0.7466725217943713,0.26345889439389847,0.854341848686612,0.02617581379738937,0.03392539964476021,0.6816479400749064,1.0818383300961334e-11,0.0,0.6930376633523314,0.6031871963777665
pre3_09DIV_CS4_FOV2,0.14397198848817563,0.1195261142146282,0.6,0.2956521739130435,0.28230906008696993,0.7816235957318501,0.011599409917198059,0.042242161508216546,0.018154000730727073,0.7948442534908701,0.3907375743882885,0.31007858717569436,0.5258499312324272,0.7980052218410474,0.09988224683008673,0.14377610292352744,0.11548223350253806,4.232622734558589e-10,0.0,0.04762510515516791,0.10149834861980439
pre2_09DIV_CS1_FOV2,0.6393695335197083,0.08725183563165141,0.02058823529411765,0.44,0.9757077217026293,0.05010509734301406,0.02162737279624529,0.004360694761899746,0.0051055464366148795,0.7293619101947681,0.7798288416785513,0.8439101710869863,0.20330943630354437,0.9061971241815511,0.018797953638209346,0.029915979803221096,0.65,2.1122681276210412e-11,0.0,0.7245653471167213,0.5683669040117162
pre2_09DIV_CS1_FOV1,0.2720125489220056,0.03915302263844021,0.21764705882352942,0.4782608695652174,0.6288979194044333,0.4563220644528514,0.040482473111084605,0.011920133870376246,0.006700990629781435,0.6269592476489028,0.41358744643673406,0.49151094613549867,0.5313578609621654,0.9759397746634655,0.061302590526983176,0.09301673366364399,0.24661246612466126,2.630141467087485e-16,0.0,0.36834876499155655,0.46681882906409067
pre1_09DIV_CS1_FOV4,0.327168709369382,0.017063797405048278,0.1323529411764706,0.6260869565217392,0.8986370514725249,0.15609414524178777,0.014505884965578504,0.008656786638438014,0.002432509235578289,0.7668711656441717,0.7289691199653788,0.7165505170784315,0.5030208535154377,0.9453823356105775,0.02943782539278377,0.03378577331142371,0.3211764705882353,4.78893624643551e-17,0.0,0.7128386821353735,0.6588780377258964
pre3_09DIV_CS4_FOV4,0.16261347999066225,0.13052026507685355,0.4676470588235294,0.3965217391304348,0.18180300936600505,0.7748815085255804,0.06267751323678951,0.047282992237120666,0.028772378516624036,0.6278133143804786,0.3574648072808869,0.36308405247274145,0.7224493704401849,0.8136687590039515,0.15053695995748373,0.20625222024866785,0.11179361179361179,2.4978810944555486e-09,0.0,0.02598601576165301,0.0495939838912426
pre3_09DIV_CS5_FOV4,0.24398503130731064,0.0074500555382733535,0.1911764705882353,0.7373913043478261,0.8498096914671388,0.21728956887068174,0.008472782850648588,0.0006642035783967779,0.0016448523143272643,0.7103979642326995,0.6707349681559557,0.577200049407617,0.583169313488737,0.8432704699507122,0.02753204829837525,0.04180770133047354,0.2681728880157171,3.070303089669451e-17,0.0,0.5894904825780363,0.5895082642783223
pre3_09DIV_CS3_FOV4,0.262194658218205,0.10762690032283982,0.3,0.36000000000000004,0.3934307933540783,0.6391775288286435,0.03555769022202253,0.02553708292987149,0.015199878400972793,0.7152268021833239,0.4418683026480342,0.3308348027269105,0.4900459325069533,0.854005073822666,0.07729384529030267,0.11878330373001778,0.2765957446808511,2.206111766971138e-10,0.0,0.10749492055526352,0.16501598533914447
pre3_09DIV_CS2_FOV4,0.25281671164465785,0.01923530362955249,0.20588235294117646,0.8469565217391305,0.8680657206332901,0.1901515775499678,0.030657068729248255,0.016156887045228954,0.0008403856417080798,0.8243472061313608,0.8378488403332872,0.7485040734584174,0.4602387958117422,0.852886294257702,0.010321739449430517,0.0108995669836814,0.23656845753899483,6.033007654798029e-17,0.0,0.4488313923604178,0.38812017843916996
pre3_09DIV_CS3_FOV1,0.23267296536652016,0.0001919136515342451,0.19705882352941176,0.7495652173913044,0.8388388241910439,0.22876248248482794,0.0005850900336543791,0.003774838486825252,0.001617182867444911,0.6883789785344189,0.5965707468597626,0.4642849049599744,0.5933499359151031,0.8676343603618911,0.03914460255743341,0.05856453105846446,0.2635135135135135,0.0,0.0,0.6797162406023114,0.6898966614165789
pre3_09DIV_CS2_FOV1,0.1972616350676116,0.012118401562772371,0.3029411764705882,0.8208695652173913,0.7323722347963446,0.3185514259858185,0.0005668326787580621,0.0037309197506798066,0.0015897714107432773,0.7376754228139618,0.6938535792667034,0.5364735163405132,0.5816520625259969,0.8138706326659516,0.022332591110783166,0.02636078418352948,0.22941176470588237,3.774844958319032e-17,0.0,0.34670511122332764,0.35938551618393977
pre3_09DIV_CS3_FOV3,0.08197482117510266,0.371551165506993,0.6970588235294117,0.30434782608695654,0.02992824067299469,0.9153656647965825,0.1934004781126308,0.23097679438747976,0.14342309813951157,0.5260243632336655,0.14713610089332618,0.07791885886022352,0.9038336815811667,0.603550403303776,0.35042634062231454,0.4125222024866785,0.10532407407407407,0.002200856582913841,0.0,0.0012191662999199418,0.004247138997193767
pre3_09DIV_CS2_FOV3,0.30808487719666494,0.026023725084704366,0.13529411764705884,0.7200000000000001,0.8867661476777196,0.16737902848128117,0.01267097851830837,0.0007698723295053566,0.0017437805161590325,0.7827404331724834,0.7640173410404616,0.6828754128699871,0.523776517860846,0.8565328271478134,0.016380905166994822,0.020713801960208028,0.284375,9.724309626915495e-17,0.0,0.5410123147363302,0.4717982549685439
pre3_09DIV_CS2_FOV2,0.19074158639665345,0.0,0.3382352941176471,0.7443478260869566,0.7361652432140794,0.3370264956614696,0.0007674622147326618,0.007499965406063624,0.00189099510221821,0.734968237553553,0.6024478504072738,0.5177914765831313,0.6265783833006053,0.8763635864806081,0.038093054713495424,0.05823925006873497,0.2424511545293073,3.8897537927763475e-19,0.0,0.45376576057013795,0.5057908881480011
pre3_12DIV_CS3_FOV4,0.3213988998953437,0.06237258476530784,0.1823529411764706,0.5373913043478261,0.7246915231564124,0.34330170452087705,0.002662502178953577,0.003966176206483989,0.0047361939945060145,0.7191689603125277,0.6402597594590844,0.4937442917896205,0.43593443552294087,0.8638193804412347,0.025532989109352006,0.0307320750859348,0.3491048593350384,1.0729028758482535e-13,0.0,0.3438941003111116,0.3618652539768863
pre3_12DIV_CS3_FOV1,0.3412050976417754,0.039148681973743174,0.16176470588235295,0.6869565217391305,0.8707788508060372,0.19137388482669537,0.000828634973036218,0.004360694761899746,0.001982839426058115,0.852285994489329,0.8158674433425385,0.7352187241803115,0.2986331390803616,0.9073573111013371,0.01494249473565306,0.02331205733446136,0.3872340425531915,1.9293521234094706e-16,0.0,0.4954138915278739,0.4039575763547524
pre3_12DIV_CS2_FOV3,0.40899116470989394,0.05183759064055872,0.07058823529411765,0.7443478260869566,0.956557472800948,0.06967881019884324,0.0004436470494463434,0.006461366413320354,0.0014048214241040406,0.8363650001875258,0.9409585222262795,0.9032004131600067,0.23808951894020014,0.8607408277698326,0.004944146289707747,0.0075789845928807345,0.385593220338983,3.992054922737173e-15,0.0,0.5171142213172927,0.3590781882596419
pre3_12DIV_CS3_FOV3,0.5899681943316076,0.07851141605240759,0.011764705882352941,0.48173913043478267,0.9890596564720464,0.024761230396881287,0.0023956631651958055,0.008130238493440703,0.004335563886066635,0.7596371882086167,0.8473279644135934,0.7347690900466991,0.27794001109519817,0.8818018176255686,0.01571837646047692,0.01660837560198495,0.6046511627906976,4.099340503820247e-12,0.0,0.7132037994626402,0.5602130071114205
pre3_12DIV_CS2_FOV2,0.3357467097731366,0.041525249814997015,0.1411764705882353,0.6608695652173914,0.8749583869882056,0.18514777115684222,0.01838601105756336,0.004802536912628655,0.002258610954263128,0.7744573040824552,0.7833636738983557,0.6701400168204785,0.3561156226396789,0.8672769421495656,0.01464261814043328,0.018150532859680282,0.3046875,4.3225927834785166e-16,0.0,0.49738975101788807,0.43370220207432536
pre2_12DIV_CS1_FOV5,0.34547668580321184,0.030934166465712468,0.16470588235294117,0.4747826086956522,0.8072767579252327,0.2765739291116145,0.04496400714806255,0.02823884293099011,0.0048011670529144014,0.7326007326007327,0.6023606219707374,0.49973888358960455,0.5013763223596341,0.8993009486935605,0.046188690546175824,0.057765078384431234,0.39111747851002865,1.0070057025419457e-16,0.0,0.6506563034239099,0.6999973894352864
pre3_12DIV_CS5_FOV1,0.5036157382553026,0.06948898670546715,0.03529411764705882,0.6,0.9597367989800735,0.07180661870758466,0.0013793621153972472,0.020793781744809007,0.0028096970570224413,0.7702343318781675,0.8340258505696003,0.8581997521504835,0.16636490628877887,0.83928081888609,0.009910772735633802,0.011650660806213686,0.48275862068965514,4.1563577628435933e-13,0.0,0.5816042763153702,0.42035273294613007
pre3_12DIV_CS4_FOV1,0.3862866053956478,0.051219412537402656,0.0823529411764706,0.7965217391304348,0.9526655867828326,0.07431087933811122,0.010810270249713722,0.0028586732235121393,0.0010453671311340968,0.8282289402621352,0.9101294191198018,0.8410163580086255,0.20391757683447764,0.835420187501325,0.00247924170739907,0.004274919468946627,0.35968379446640314,3.3749284340867066e-15,0.0,0.47917820238537145,0.327239250634339
pre3_12DIV_CS5_FOV3,0.1103404143516985,0.4956373200049626,0.5058823529411764,0.11652173913043479,0.033142552502205984,0.9546465212393099,0.3007086184967597,0.23814717392699042,0.22397891963109354,0.7857142857142857,0.21473917427674633,0.2453182987558476,0.8681380088524748,0.492286909280568,0.4449962419436658,0.5822380106571936,0.0,0.035327345206505475,0.0,0.0007323286789293676,0.004402707336682984
pre1_12DIV_CS1_FOV3,0.4767584160189482,0.07296303609076553,0.0911764705882353,0.5443478260869565,0.9094615838082137,0.14606330863441136,0.017250038435914522,0.01085717387763965,0.003462522132598859,0.8181246066708622,0.8957458726244845,0.8255149499923373,0.2041388288655499,0.7976025493022902,0.012830626724740044,0.016840997302809024,0.5,5.660638153668955e-13,0.0,0.5266171293075687,0.4162013692139537
pre3_12DIV_CS4_FOV3,0.30464739499603516,0.055798784165047036,0.2088235294117647,0.3739130434782609,0.5888148815088095,0.4892860946623717,0.006063373481349513,0.009420123222823974,0.023947048286828164,0.5960800161648817,0.3964019659361379,0.35075272959040665,0.5552058130262054,0.8454042614979537,0.07226988981727842,0.0972092603185116,0.2973856209150327,6.716332917685446e-15,0.0,0.33498550732905463,0.46772229166081747
pre3_12DIV_CS4_FOV2,0.3739996447835663,0.04697575104066419,0.1411764705882353,0.6226086956521739,0.8795696123535087,0.1827070594069224,0.06028589635894911,0.008928845386763216,0.0025598613736609955,0.8165621906961399,0.7667952010539317,0.743707869471244,0.2606417989211023,0.904187885863046,0.015367558096049623,0.021048199360181194,0.4272300469483568,1.0682714031996195e-15,0.0,0.511223942786523,0.42551410654486194
pre1_12DIV_CS1_FOV2,0.7250574207254973,0.09617543442821429,0.026470588235294114,0.3547826086956522,0.9579536303832866,0.08443021583548725,0.004304588417462939,0.037212839525268826,0.0072016100464406515,0.7164734193830672,0.8159964275968143,0.7615495914873996,0.18737167508614316,0.807940860310078,0.028509310612180795,0.037039451170824716,0.7811158798283262,6.2201644671992e-11,0.0,0.8073439421059544,0.677360237177849
pre3_12DIV_CS5_FOV2,0.40020937719814875,0.047005110364164424,0.09705882352941175,0.6573913043478261,0.9290160638002493,0.1128975737252383,0.030708959082409865,0.018237289474771087,0.002125864174633234,0.8225985429632846,0.8701610474607803,0.7883026114339112,0.2381861575162869,0.892255598978175,0.012182841486404222,0.014209591474245116,0.42227378190255216,4.692558808717307e-16,0.0,0.5631908188869631,0.43512030928907575
pre2_12DIV_CS1_FOV2,0.5926213035396392,0.07622887457679449,0.02058823529411765,0.4347826086956522,0.9752294102376877,0.05119067763827351,0.02190992168742851,0.004473975046936792,0.005211600636973411,0.6989097008666479,0.6728118816764704,0.6235805549156739,0.14908460798838696,0.9761398001629299,0.02300768268534304,0.0307605360891329,0.6570397111913358,2.2896827026231112e-12,0.0,0.7863388159471998,0.6653578247679497
pre2_12DIV_CS1_FOV3,0.2704157597800158,0.1394460977647739,0.23823529411764705,0.45913043478260873,0.26041076245912237,0.581340755519234,0.0315067732622696,0.05022347682898141,0.021890096618357488,0.6956397016637981,0.49030010293768256,0.5801883758851317,0.6127908346127788,0.7530292175711161,0.09275686215634221,0.10950733850612321,0.2493150684931507,7.597269841183243e-09,0.0,0.07729079021675044,0.10561864107144517
pre2_12DIV_CS1_FOV1,0.5408204903230754,0.07221635392914257,0.041176470588235294,0.49217391304347824,0.9581071004183788,0.0760117261532089,0.024726245143058993,0.003353336522476353,0.004162447003896392,0.7354579897481615,0.7841313151573712,0.7249863600163258,0.2770420431850198,0.8443250399651838,0.017845103025795332,0.025925327879146712,0.5741324921135647,1.2301967605684629e-12,0.0,0.6808634278679664,0.5477416103739744
pre3_12DIV_CS5_FOV4,0.42171270205482453,0.05032836128179009,0.07941176470588235,0.6208695652173913,0.938248409405897,0.1007879452053065,0.005659309564233165,0.001563199550769838,0.0024865018471156583,0.8216476774758984,0.9196734702371966,0.7902704552409517,0.3058079183353648,0.8053179595428026,0.013220457230669398,0.014712289285833978,0.4504950495049505,2.7849398544508908e-15,0.0,0.5910391236506711,0.46538914003317666
pre1_12DIV_CS1_FOV4,0.43219949602694463,0.05671996196137262,0.09411764705882353,0.702608695652174,0.9294774734254347,0.11203888113564316,0.012747911648644495,0.0008007165734759247,0.0017726572234244868,0.8820781833860305,1.0,0.9027151912241883,0.14826700188964326,0.8447672569780107,0.0066692020123145165,0.010961073423355942,0.3991228070175438,6.613937358906516e-15,0.0,0.49448914670722904,0.3381856228768087
pre1_12DIV_CS4_FOV3,0.44631795470111146,0.0616424260313156,0.11470588235294119,0.591304347826087,0.898485128211673,0.15836030341211488,0.0014195082066501123,0.005782061974722524,0.002869972099511741,0.838625236317805,0.8692566940209162,0.8479977479026296,0.14071092706208033,0.8452218556448918,0.013354597772242793,0.018080794279728564,0.45614035087719296,1.914877281349412e-14,0.0,0.5184580201212631,0.39391967717278475
pre3_12DIV_CS1_FOV2,0.5372173553358204,0.06663829536798759,0.05882352941176471,0.471304347826087,0.9237805953931089,0.1306933455026239,0.04410771069877765,0.003863921880708919,0.0046404624137659995,0.8054711246200608,0.7627827444566284,0.9240607185561793,0.292373424238793,0.9567444752284413,0.02344436634415939,0.029929900191526082,0.5852090032154341,4.763085638402657e-14,0.0,0.6792697678765176,0.5577715682615287
pre1_12DIV_CS4_FOV2,0.43248957012648137,0.06411973190704458,0.11764705882352941,0.5791304347826087,0.8992540222723199,0.1574256569613252,0.006307034503414629,0.005946727571135999,0.0029727465475602585,0.8274103412728555,0.8825759247150935,0.8684935613933012,0.22595497312741442,0.8402135577352406,0.012275997001936621,0.018983767800490756,0.4631043256997456,1.3210255607935017e-13,0.0,0.5061968261090197,0.403690990667078
pre2_12DIV_CS5_FOV4,0.3845236050316137,0.051925315459478885,0.09705882352941175,0.6226086956521739,0.9170729946233331,0.13184174702533946,0.005707906440751212,0.026969806786320542,0.002522983341397664,0.7655239721849457,0.8424193839155221,0.7194454880351034,0.39922775263261245,0.8524527893009799,0.012092724622199243,0.016447890944273562,0.44282238442822386,1.3700250460579152e-14,0.0,0.5377516455581108,0.45484835593524703
pre2_12DIV_CS4_FOV4,0.5662458288617956,0.05870586049462363,0.04705882352941176,0.3686956521739131,0.9243016684619806,0.1351632494973904,0.011533052039381153,0.012232415902140671,0.006895898456000758,0.6574441857279825,0.5617276626040374,0.5749680563141627,0.3373425924935529,0.897488854414543,0.04953976633249061,0.07215808170515098,0.5504032258064516,1.943039385487933e-14,0.0,1.0,0.9657506364049464
pre3_12DIV_CS1_FOV1,0.6415529452213832,0.09127137446037566,0.01764705882352941,0.45913043478260873,0.9807840541083317,0.04046413354460149,0.00865611694951275,0.008772129517912293,0.0047361939945060145,0.783589886466532,0.8478735934187387,0.7399819454870121,0.14595113651762537,0.9628279213814607,0.015447499297780054,0.023218370241639724,0.6275862068965518,3.547228226483679e-11,0.0,0.6876602998147554,0.52068516803729
pre1_12DIV_CS4_FOV1,0.48014249076558635,0.05942561666027292,0.05882352941176471,0.5130434782608696,0.9368169541825245,0.10864454434211197,0.007527449232978881,0.02047493790613056,0.003888907341592764,0.7485475942201698,0.7494090242429462,0.791980357354211,0.2893752434386805,0.8290827094059402,0.02050904732488986,0.027036409185320617,0.4074626865671642,2.562003268774435e-14,0.0,0.6748622866024792,0.5699912462822068
pre1_12DIV_CS4_FOV5,0.49444876101802915,0.05855593127609472,0.03529411764705882,0.5078260869565218,0.9626220648345966,0.06923582975568567,0.013063186633747436,0.01626376262102112,0.003942185001309418,0.713063320022818,0.7218427045016633,0.6621251856214299,0.38877209231945953,0.8745927518058731,0.02107091334639513,0.027504877267565453,0.4212962962962963,3.5121324094004005e-14,0.0,0.7394191493362704,0.6278861943991307
pre2_12DIV_CS4_FOV1,0.4662882064483477,0.05940439769551199,0.05882352941176471,0.5478260869565218,0.9414961011937761,0.10017440347213104,0.011963569002778635,0.01888221422792915,0.003391865760089826,0.7474296536796536,0.7903428981667189,0.7350331036045141,0.3457533007973219,0.8930753254025496,0.016746496179733332,0.019473006664819853,0.3845070422535211,2.603867040602136e-14,0.0,0.6377301007886396,0.5228932586650263
pre3_12DIV_CS1_FOV4,0.3635486689637129,0.045273380678037475,0.0823529411764706,0.7495652173913044,0.9467259967968377,0.08480648324719937,0.04927800941694302,0.0003806110393060197,0.0013793499813213022,0.770981874409415,0.8225228378003302,0.7297126892019017,0.2551674595547877,0.806505616495435,0.006118313307995213,0.007344822620133452,0.3799582463465553,1.101606671244058e-15,0.0,0.5179591141155337,0.39414214856913293
pre1_12DIV_CS4_FOV4,0.4564417284390923,0.06179595046224244,0.06764705882352942,0.4678260869565218,0.9042713593293065,0.15678946325341486,0.020816447278228477,0.05244210960767778,0.0048011670529144014,0.684586731098359,0.6863319724591397,0.658566578926373,0.3748618847952354,0.7811048939811912,0.02491277410158227,0.03127654645146344,0.4375,1.1517424156573057e-13,0.0,0.6540800477879821,0.6239099795490529
pre2_12DIV_CS4_FOV2,0.4286735539320533,0.048060446601563514,0.07058823529411765,0.5547826086956522,0.9261904065088237,0.12272489768243507,0.006803545111339914,0.014670344945574301,0.003345475212482885,0.7357935250169798,0.7538510312121344,0.6211476156157167,0.39498974293825073,0.8642757630736841,0.02217922553996203,0.038131589887003506,0.3760330578512397,1.2226834960786526e-15,0.0,0.6783284187360213,0.5826747446351658
pre2_12DIV_CS5_FOV2,0.46676331430863177,0.05408496528811231,0.07058823529411765,0.5060869565217392,0.9245125305603447,0.12654018125477512,0.029673200322591957,0.0075864502470007035,0.003996163682864449,0.7542147293700089,0.7526717437510287,0.6698516275157785,0.375961826657377,0.9087452045913973,0.02386479338674892,0.03142641084712379,0.4074626865671642,2.4506738789915894e-15,0.0,0.6913598760631153,0.596990273133463
pre2_12DIV_CS5_FOV3,0.5826708772488638,0.06525588982564166,0.014705882352941173,0.4886956521739131,0.9828278585278823,0.037364410291035405,0.008005962126943619,0.01708072676817817,0.0042481251896484456,0.7751937984496124,0.8220250790805017,0.7649437332744307,0.1561404211359747,0.8763556035553807,0.02139376327941666,0.0266429840142096,0.5947712418300654,1.0441947517615293e-13,0.0,0.7887279641600133,0.6088357283555539
pre1_12DIV_CS3_FOV5,0.3842541521381523,0.05133945569704461,0.07941176470588235,0.7234782608695652,0.9397468952286269,0.09692665840771032,0.0005850900336543791,0.01633559702442241,0.001617182867444911,0.7838673653466197,0.8329873599602312,0.7625546538933672,0.28383207471510774,0.8330263383749086,0.006071439747582376,0.007079778850724236,0.3930885529157668,5.794899282181602e-15,0.0,0.5040898538922687,0.37849570178088215
pre2_12DIV_CS2_FOV1,0.46725838102128464,0.06040691731623486,0.06764705882352942,0.4539130434782609,0.9215679686573394,0.1328558956105183,0.002749682030161711,0.018733560017963682,0.004867085173990545,0.6767473828909802,0.6656802278950126,0.641711092107376,0.33009233445763764,0.8138383925098654,0.026265763404775058,0.03182896630408007,0.44901315789473684,4.623873383986156e-14,0.0,0.7088034599094398,0.6777263019484593
pre2_12DIV_CS3_FOV1,0.2551842597804573,0.10712819879281722,0.27058823529411763,0.3356521739130435,0.2765635997349721,0.6918572992879903,0.016342046478818047,0.041678774544397855,0.02527455995185798,0.6171218487394958,0.29350034027376914,0.2014688266413315,0.63089892997229,0.912724511700288,0.15021084099747284,0.20426287744227353,0.14918032786885246,9.568631875276756e-11,0.0,0.07051174274993259,0.1201595596883155
pre1_12DIV_CS3_FOV4,0.5562655649681462,0.06893425793230433,0.0058823529411764705,0.5930434782608696,0.9999999999999999,0.0,0.02954958866373729,0.0056536598130248255,0.0027898311254154805,0.8305092835664168,0.9458344009531121,1.0,0.14796015856002986,0.8614814495693731,0.009678458196285003,0.014434743451829983,0.5013774104683195,3.4791729940122423e-13,0.0,0.6536602571261992,0.4466994893602922
pre1_12DIV_CS2_FOV4,0.3830188651729594,0.052095510888775357,0.15294117647058825,0.2747826086956522,0.6928015096317918,0.42574094452563604,0.017971034172547393,0.011435301098130526,0.011728867675566489,0.5021056041464205,0.29670314606228115,0.3036085938800465,0.39961357984298074,0.8621309040158093,0.09474813421226858,0.12966252220248667,0.39565217391304347,6.630359755124611e-16,0.0,0.6563172828416641,0.9807080846012742
pre2_12DIV_CS3_FOV2,0.4522137048071519,0.057314177778489975,0.08823529411764705,0.44521739130434784,0.854857831803739,0.21416694668581432,0.003175574260480044,0.015223701083837447,0.0055065165975034915,0.712143928035982,0.6243804931326172,0.6106914660423779,0.38234516146762587,0.9833391793099129,0.034904694370676954,0.049428285968028424,0.446078431372549,2.3302438541332653e-14,0.0,0.651552646093581,0.6342546898709421
pre2_12DIV_CS2_FOV2,0.5775659641530407,0.07095611300873884,0.049999999999999996,0.37043478260869567,0.9250662296233427,0.13355012135026123,0.01876869165050026,0.017981775731442304,0.00679758591810599,0.7155750386797318,0.6803236994219648,0.6388550153931554,0.3663474843240846,0.8792791488076289,0.036475210813216245,0.04339898458007828,0.546,9.143679180297562e-13,0.0,0.8339434565059025,0.7962882534224107
pre2_12DIV_CS3_FOV3,0.4158857188919025,0.08449879291571942,0.041176470588235294,0.6608695652173914,0.601699735458151,0.27613023520966046,0.08503815884261443,0.016156887045228954,0.005943345878471573,0.7773985589685248,0.8724439671913905,0.7778363466628618,0.3382787341872966,0.8406861703149411,0.02689911697235521,0.036589698046181174,0.43961352657004826,1.3072645118725548e-11,0.0,0.2570393901705014,0.20441340777163927
pre1_12DIV_CS3_FOV3,0.38384596211337735,0.0616350606175121,0.15,0.5669565217391305,0.8641294239560319,0.20398860229361238,0.036365469508952496,0.026184797153680717,0.0031874445043144333,0.7560855667568233,0.6843231752595325,0.6457197166022737,0.1594489479993597,0.8837765420931727,0.01493541645337379,0.020870337477797513,0.3438287153652393,5.151516531782305e-14,0.0,0.47639891702955817,0.4192221073676962
pre1_12DIV_CS2_FOV3,0.3653742028131119,0.03964859749796305,0.1588235294117647,0.6521739130434783,0.8844614946498411,0.1740379290301221,0.0138198465979945,0.0012304797061324932,0.0021750060113231466,0.8781800391389433,0.9166302883619464,0.8793578620056602,0.3360661571135348,0.8422550457610416,0.015723733808504267,0.022716168889578864,0.4053452115812917,2.14405799611252e-16,0.0,0.5264111423197018,0.42236103431841454
pre1_12DIV_CS2_FOV2,0.484606532764138,0.06082107257919499,0.052941176470588235,0.5895652173913044,0.9570033892231569,0.07371501354637498,0.020287793072038606,0.001929755311810979,0.0028296752255311357,0.828344343517754,0.8697589036436941,0.9041244933706742,0.21778375793524907,0.8995954764029164,0.012575650849400329,0.01476811295216339,0.48275862068965514,1.9118307901210848e-14,0.0,0.6146600183925407,0.4580343010683283
pre1_12DIV_CS3_FOV2,0.5459643642536273,0.06900854471764743,0.038235294117647055,0.40869565217391307,0.9429691659936147,0.10603006820076112,0.010154520642152543,0.043014546861838955,0.0058610400682011935,0.6519732287099007,0.6474537454608191,0.5716820438373642,0.3189339571950631,0.8470694030213712,0.02977767784565783,0.03593387074736987,0.5093283582089552,4.593145425569711e-13,0.0,0.7988323887081078,0.7515327086658392
pre2_12DIV_CS2_FOV4,0.48716745848358345,0.057696299072254306,0.023529411764705882,0.6452173913043479,0.9862967729839978,0.023882699446594366,0.0053332320767156965,0.02909160051338118,0.0022417166911819922,0.8336731457568756,0.9416078293474092,0.9309235850003493,0.20432305853460075,0.8754197811847128,0.009016275382440604,0.012562570644275795,0.45614035087719296,2.051904151265935e-14,0.0,0.6222006539890537,0.43556748453366134
pre1_12DIV_CS3_FOV1,0.3564448457720126,0.04440638546637009,0.12058823529411766,0.7252173913043478,0.9185469444213484,0.12588160465569842,0.01994803155205115,0.00368740861301367,0.0015626143527117291,0.8064867692575963,0.857923076753948,0.8612658518736048,0.28718540257572744,0.8488016273962306,0.00811574710109874,0.01145854847370812,0.3807531380753138,4.1347149518386284e-16,0.0,0.4973541857851047,0.3856474987957715
pre1_12DIV_CS2_FOV1,0.5729563473517796,0.08033788525035769,0.07058823529411765,0.2973913043478261,0.871288744659752,0.21396973924904245,0.06028589635894911,0.023503421189899048,0.009382297342377405,0.609996064541519,0.5497513106600341,0.45467632834174476,0.35749142351602536,0.797958199478947,0.04821467575769505,0.05832338467810033,0.6348837209302326,4.315632639493489e-12,0.0,0.808034334746026,0.9093638318053895
pre2_17DIV_CS2_FOV4,0.8922474827601042,0.11798664129552923,0.0,0.36695652173913046,0.9975667166980929,0.014874939115818733,0.02626567539044767,0.006220295901224697,0.006846524681438562,0.8221726190476191,0.9933552172122841,0.9845268869642824,0.10202890833928846,0.8133042697319941,0.019441550673478872,0.025222024866785084,0.7878787878787878,6.212764215230502e-10,0.0,0.7673437778691434,0.5404777097500502
pre1_17DIV_CS2_FOV1,0.8650445327248443,0.12001313704020543,0.01764705882352941,0.32521739130434785,0.9666537372851348,0.07283542075746326,0.046338744467384785,0.02090597203686494,0.008166417664784383,0.7370769081563379,0.7595420129817252,0.8149163211903369,0.05032573291040876,0.8177101422295696,0.02622890770364092,0.03353569629649267,0.8544600938967136,1.0245148347054436e-09,0.0,0.7870666917362548,0.6188936016554566
pre1_17DIV_CS3_FOV1,0.5577417142159227,0.08032732717524994,0.05588235294117647,0.5147826086956522,0.9460452718991597,0.09344063381148258,0.02893033797404089,0.011600069890874927,0.003810275683039886,0.8095627776478841,0.8998517658685027,0.8778238223005389,0.21901245392512836,0.7688725371589644,0.012834342833347716,0.016237896063713973,0.5432835820895523,5.292062303612884e-12,0.0,0.5892823888828232,0.43846659136978444
pre1_17DIV_CS2_FOV3,0.5607910209086902,0.08427615318757005,0.049999999999999996,0.5530434782608696,0.9560101220157138,0.07663784226444441,0.02177727360938554,0.034620364895594245,0.003276934223225783,0.8428571428571429,0.9611036687809459,0.8480341403351135,0.09592088001800869,0.8326594126464627,0.008491158706005197,0.012219392668364401,0.5126760563380282,5.482585037615969e-12,0.0,0.5505763049214225,0.3858209546711582
pre1_17DIV_CS3_FOV3,0.5228484686612721,0.07404604546417197,0.04705882352941176,0.5634782608695652,0.9597595773947144,0.07039975109244058,0.001601685405403281,0.006220295901224697,0.003143491589273903,0.8303772976459206,0.9475331348163705,0.9077924509893306,0.25189299753930783,0.8065062894672292,0.00967702814516802,0.011214226407558828,0.5055555555555555,1.5552317269421912e-12,0.0,0.5753264685171018,0.42267976557418074
pre1_17DIV_CS3_FOV2,0.8496974037417628,0.1605488315659539,0.05882352941176471,0.1791304347826087,0.681177495570659,0.44148097112009,0.014087830335331999,0.022288873206304394,0.021890096618357488,0.7303534910896874,0.5254566767966655,0.5076374989475809,0.2588922064006063,0.8398220723652072,0.07967555204360191,0.09851360194447042,0.6363636363636364,1.0662093907287935e-07,0.0,0.514246740217196,0.624233614787953
pre2_17DIV_CS2_FOV2,0.5551393372470687,0.07979550232662856,0.041176470588235294,0.5443478260869565,0.9604772615655206,0.0709243429892865,0.0426932503713121,0.018957223232957596,0.003415273834570392,0.7792698053173704,0.8821987427707789,0.9053064322480021,0.13506444019008956,0.8102312949697048,0.010608894646818225,0.013261558914230295,0.5244956772334294,4.451390420751428e-12,0.0,0.5877018321069023,0.423946166659692
pre2_17DIV_CS3_FOV2,0.5124446662693188,0.06644784717579143,0.02058823529411765,0.6156521739130435,0.9847105505911675,0.028853773307150055,0.005757031544187932,0.012572489337547173,0.0025598613736609955,0.8209350474264528,0.9606161289744192,0.8551286209323263,0.15032199330339413,0.8171769469216718,0.008720016249944403,0.012510829005764175,0.4776902887139107,2.429474759204067e-13,0.0,0.6116001848459827,0.42987367750445926
pre2_17DIV_CS3_FOV3,0.5415862025571148,0.07464876332797242,0.01764705882352941,0.5895652173913044,0.9888157855173538,0.02110734093697246,0.0013926685411232436,0.009505241039994575,0.0028296752255311357,0.8021522361536184,0.9048611061121941,0.9226417715924659,0.16270097688980423,0.8579808250865808,0.007944905778788536,0.005892150005786481,0.4986301369863014,1.0148773391284398e-12,0.0,0.6044017664651428,0.4234413794664104
pre2_17DIV_CS2_FOV3,0.8482849796187704,0.11754993196328044,0.049999999999999996,0.2,0.8368232747134597,0.2679788970675009,0.050179880079946705,0.01580804516584333,0.015822676896845696,0.6566604127579737,0.5040517742069304,0.5486818870383751,0.15003886910088493,0.9756696865261261,0.07121678944756607,0.09035695868905058,0.8980263157894737,1.3809800129315928e-09,0.0,0.9003680114868833,1.0
pre2_17DIV_CS3_FOV1,0.7599777655456613,0.11251097927593647,0.02058823529411765,0.3826086956521739,0.96980725597924,0.06334970769550254,0.010900534395509377,0.04570639198786768,0.006421069815530283,0.7615840949174282,0.8792509589588982,0.8194616239998582,0.018362065700092245,0.8619305150754679,0.018623887561635993,0.022544063396638878,0.7368421052631579,5.168270292907081e-10,0.0,0.6970939312392348,0.5343664457620353
pre2_17DIV_CS2_FOV1,0.5312575476355708,0.07106248803835054,0.041176470588235294,0.5704347826086957,0.9657850343814277,0.06060920383822131,0.0064194327202661775,0.025627994922134592,0.003057123470506215,0.8099625392325605,0.9290709928783567,0.8670847248101473,0.17094696326051562,0.7973047299129591,0.0109135499418192,0.01361752516281823,0.5027624309392265,2.8474703169237146e-13,0.0,0.6051067934283738,0.4335821902168196
pre1_17DIV_CS3_FOV5,0.5428514227900119,0.06894497720250338,0.03529411764705882,0.5895652173913044,0.9726523442735368,0.04879502779736637,0.010840230806580923,0.005717498175902777,0.0028296752255311357,0.8211509992598075,0.9228272000657205,0.8993459868911434,0.12446802525992728,0.8086886007701902,0.010777061385170789,0.01476811295216339,0.49056603773584906,1.8175643267075402e-13,0.0,0.6180260762452902,0.42204597904834895
pre1_17DIV_CS2_FOV5,0.6752305881985142,0.09456769609272832,0.041176470588235294,0.43130434782608695,0.9467870279331209,0.09762744231317118,0.0030514008472723024,0.03017879942034294,0.005320083559477557,0.8231292517006802,0.8935350305415476,0.7687914835653574,0.06353494907380686,0.8963630131276675,0.018299487500011168,0.023621404217962064,0.6453900709219857,3.174263749334345e-11,0.0,0.6537427341929744,0.48512242491814284
pre1_17DIV_CS2_FOV4,0.6010662365325761,0.08700941139225567,0.07647058823529412,0.42434782608695654,0.9097154004284989,0.1505485098332739,0.0031253295743635524,0.04094789415890333,0.005431079599877553,0.8089053803339518,0.8147136100893315,0.8533414420274211,0.14511998705236806,0.8949488124069652,0.021467729752651606,0.028460489900450248,0.6275862068965518,1.2117886771073666e-11,0.0,0.6186722322339853,0.4961161432522053
pre1_17DIV_CS3_FOV4,0.4619204293094243,0.07376415465324292,0.17352941176470588,0.3582608695652174,0.6836048680629255,0.39038294980812605,0.005378358871863201,0.00832157139496589,0.008813761011651038,0.8193115583415814,0.7278479962386248,0.6831497655474412,0.2650630300046597,0.9316905918373364,0.06339740332288482,0.09229724828657249,0.4789473684210526,2.0220915925647443e-14,0.0,0.47768419378040045,0.48732114565559187
pre2_17DIV_CS4_FOV3,0.6663809469518511,0.07831909796473933,0.023529411764705882,0.34608695652173915,0.9563170264207592,0.08941899505017652,0.035922843300084766,0.013239635413042829,0.007524544825074344,0.7074175824175825,0.6659737349559348,0.6497202729312739,0.2260494456738451,0.8336809192397956,0.03907536138034145,0.05412379771440062,0.6013215859030837,2.7051035512249938e-12,0.0,0.9516306660610718,0.8754804601751539
pre2_17DIV_CS5_FOV3,0.6733486380461277,0.09948807202620212,0.01764705882352941,0.4747826086956522,0.9750676623993016,0.05292307657067939,0.0025158053139398913,0.041237520418889506,0.004515944413642624,0.8060261445571253,0.9635621980432217,0.9079236422930757,0.13262791776245564,0.7719150804140903,0.011319182039073387,0.01422828830513228,0.6086956521739131,1.2521471212875592e-10,0.0,0.6152928095761088,0.43479240974707395
pre1_17DIV_CS4_FOV4,0.47016159316414696,0.05497501590088209,0.10588235294117648,0.3947826086956522,0.8523707818144005,0.2268892608869546,0.0037246617585463414,0.02830011702384249,0.006330912478732089,0.7230117177761156,0.6997023483471321,0.6284171015759256,0.38868870570563274,0.7840397714316534,0.04589827139462974,0.06623114670198994,0.48233215547703184,5.106535782367677e-15,0.0,0.7522839058828671,0.7586750302527786
pre3_17DIV_CS1_FOV4,1.0,0.12529824369364506,0.011764705882352941,0.2747826086956522,0.9689132460211507,0.0739512336757563,0.04499890246579352,0.01760619398631807,0.024762355306535783,0.774818401937046,0.8392647814613119,0.781691793808067,0.03881577364813582,0.8608231387288873,0.036397866242536846,0.046676855714816806,1.0,9.880167918410228e-10,0.0,0.9251802471704372,0.7395665790322757
pre1_17DIV_CS4_FOV1,0.7776646867504584,0.11156082499101734,0.014705882352941173,0.3965217391304348,0.9750676623993016,0.055777600941011585,0.03812885073862605,0.010976513061583953,0.006112038778860448,0.7540091216713256,0.8553500921158383,0.8128028764889698,0.07758194004421526,0.7787152226296249,0.017733120590871905,0.02493311616046226,0.7193675889328063,4.0968770638057796e-10,0.0,0.6977655436070159,0.5098717206750839
pre3_17DIV_CS1_FOV1,0.774534009263856,0.10388562097197614,0.01764705882352941,0.3947826086956522,0.9750676623993016,0.05379170951293047,0.0035788812967663436,0.005435765235598429,0.006112038778860448,0.7986033727063367,0.8782305450723729,0.8575288555340562,0.0,0.8737250479648057,0.019815567972633924,0.02059948556561987,0.7193675889328063,1.3527292289270656e-10,0.0,0.729322744174806,0.5321928324189287
pre3_17DIV_CS1_FOV3,0.6218258001948578,0.089310325512009,0.04411764705882353,0.45913043478260873,0.9509423501969504,0.08873271972867126,0.03862419080230862,0.008772129517912293,0.0047361939945060145,0.7710280373831776,0.8073575080360694,0.8200108217870145,0.13395902699150053,0.851379103367353,0.016201744324799566,0.01946151781949218,0.6086956521739131,1.2430343098488375e-11,0.0,0.6378205637712757,0.48169122649078405
pre1_17DIV_CS4_FOV3,0.7758776262859575,0.10906330949591307,0.01764705882352941,0.40869565217391307,0.9764409697167863,0.0506206528313938,0.030113257828114595,0.021171489061397316,0.005780051150895141,0.8206686930091185,0.976534328736839,0.9233634721277988,0.11142462483719617,0.779400725971446,0.016565200278422162,0.01851098889340666,0.6973180076628352,3.347911421848417e-10,0.0,0.6859934307124276,0.48632043773538686
pre1_17DIV_CS4_FOV2,0.6133091814042216,0.08231894168054583,0.04411764705882353,0.46434782608695657,0.951627079966175,0.08741144495412399,0.04410771069877765,0.003863921880708919,0.0046404624137659995,0.8235372252108654,0.8768657365679138,0.9019966786204692,0.0966447236171275,0.8846835355559639,0.018493334788935188,0.026213156514098973,0.6026490066225165,5.40969509294623e-12,0.0,0.6722916875464212,0.50607148397985
pre3_17DIV_CS1_FOV2,0.4894185509512772,0.07691712386844225,0.09411764705882353,0.4869565217391305,0.8895079278159198,0.1735876111292199,0.019733970456477293,0.008225245175577347,0.004394861392832994,0.8034829392609372,0.8562447372253063,0.831027274948388,0.319987584849037,0.8418118074081764,0.016491461307125935,0.017030613311043774,0.5481927710843374,1.5285740480169911e-12,0.0,0.5286292201584082,0.4489073911805676
pre2_17DIV_CS1_FOV1,0.7474567255644354,0.10337904114562442,0.05588235294117647,0.29043478260869565,0.8898092775288563,0.19065143509789645,0.0059589903027611225,0.03160040774719673,0.0096855167187648,0.6919206038579816,0.6575820498038351,0.6126227670811238,0.18387694122169806,0.7894150528843694,0.0430827113050078,0.0547843257886224,0.7730582524271844,4.9860883951426555e-11,0.0,0.7988725382333827,0.7349655607694134
pre1_17DIV_CS1_FOV4,0.718386271648505,0.09691748641782942,0.0058823529411764705,0.4573913043478261,0.9945613983743343,0.015664499300320253,0.0026840619443153015,0.028116955976503197,0.004768563665691487,0.8011541531094604,0.941516165611084,0.8946096341326624,0.064301492835392,0.7973503926307223,0.01411107690205466,0.01592166770331707,0.6385964912280702,5.061063953355529e-11,0.0,0.6950461033689327,0.48232930551781283
pre3_17DIV_CS4_FOV4,0.5885859663382026,0.08063156718570931,0.014705882352941173,0.5739130434782609,0.9908437719883644,0.017954971266206446,0.0015158976141509532,0.006013930226136049,0.003014690438242089,0.8295522251248911,0.9870848845040807,0.9156671902249897,0.1453057466544796,0.8211111456149215,0.007807116780749114,0.010244124086083689,0.6408450704225352,2.9188552915788886e-12,0.0,0.6041256408483708,0.4034101064355819
pre3_17DIV_CS5_FOV4,0.48367689021131544,0.07028148327846025,0.07941176470588235,0.56,0.9249210107483439,0.1233739955188465,0.011643978641104936,0.026374830154098944,0.0032319222302808204,0.7853257853257853,0.8446967916867814,0.7964594599035356,0.19361877137111572,0.8698284786384205,0.01266377989969815,0.01813424660448197,0.4932249322493225,3.7283250929100176e-13,0.0,0.5533476740316057,0.42436026429849216
pre2_17DIV_CS1_FOV2,0.6787312482277725,0.09848871810324704,0.029411764705882353,0.4156521739130435,0.9547475640706086,0.08733798086467388,0.029847826316846973,0.02095865398617692,0.005700347771959023,0.7738740133106331,0.8562336518156607,0.8085312733047004,0.09835750345942973,0.805771337920465,0.018585034605751706,0.022170642474506938,0.6765799256505576,7.855874116700521e-11,0.0,0.6710232589238871,0.521655579211865
pre3_17DIV_CS4_FOV3,0.6334399512389604,0.08839227125032469,0.011764705882352941,0.5373913043478261,0.9920205844874405,0.017084307752270225,0.027635897056283467,0.060569626318861786,0.003486365023733593,0.8239915684583692,0.9279989395596334,0.8490771695785037,0.0394845330808935,0.8175297842278929,0.008537563723832672,0.007330257521350136,0.6831831831831832,9.749038263792283e-12,0.0,0.613335580112973,0.40931879485616696
pre1_17DIV_CS1_FOV3,0.5318970517203562,0.08426318861792124,0.07058823529411765,0.5147826086956522,0.9289457420124536,0.11915054918749589,0.06679418022393674,0.011655701504769272,0.0038363171355498714,0.7985619990570486,0.8969861828073313,0.8216776272028816,0.12480911874554712,0.8731316789823216,0.011742028291011633,0.016434151304557762,0.5352941176470588,1.0460637684904988e-11,0.0,0.5436285621752605,0.41818350042514635
pre3_17DIV_CS5_FOV3,0.550357261451561,0.07914290527299113,0.023529411764705882,0.6139130434782609,0.9847105505911675,0.027598737489392497,0.001212959476291168,0.001641557485195299,0.0025598613736609955,0.8255252404342264,0.9329708720724147,0.870742901819713,0.05793022063022413,0.879297831208742,0.005230935157373939,0.006819248769486162,0.5971128608923885,2.3189962862623916e-12,0.0,0.5572234665298387,0.3694468645199055
pre3_17DIV_CS5_FOV2,0.5715305267380397,0.07944946373646843,0.03529411764705882,0.5582608695652174,0.9702445526348494,0.05386821193341221,0.05141413660734114,0.006326242564774673,0.0032096171802054145,0.8044856167723061,0.9001799752589832,0.9013994709582098,0.15689692239915498,0.8162893516841215,0.009708702960990058,0.011712308793510248,0.5155807365439093,2.954823915328121e-12,0.0,0.5941043203553951,0.4094530882349714
pre1_17DIV_CS1_FOV2,0.6447587907031961,0.10563048168055907,0.07058823529411765,0.3339130434782609,0.8845101194412022,0.1929872969194375,0.004826050925399327,0.007435840060588326,0.00798452997317697,0.7130872483221478,0.669433632890084,0.6975166253182563,0.2558952626891071,0.8185838987766674,0.02819636466426368,0.032389509978058714,0.5783898305084746,4.325438738714439e-10,0.0,0.6276680232991592,0.5872388839987701
pre3_17DIV_CS4_FOV2,0.6271923369156776,0.08604936232721187,0.03235294117647059,0.52,0.9699083964997511,0.055943025016885084,0.028622107554623882,0.011435301098130526,0.003733146540255537,0.8296877357067431,0.9557922896861407,0.9147788904315812,0.11445493344532753,0.8164450679762218,0.011179301114741434,0.012319897400393826,0.5515151515151515,7.930026234110944e-12,0.0,0.6106629571841711,0.4137297957703797
pre2_17DIV_CS1_FOV4,0.6990384036898729,0.09013392317567608,0.05588235294117647,0.30434782608695654,0.9043022272743807,0.16746826186478836,0.005470037518847084,0.022582921665490467,0.008951406649616366,0.7219214216298765,0.7115965445607273,0.7365815386252947,0.21232167684573477,0.8666966892405927,0.045631036349351,0.06611407144266823,0.6378504672897196,9.730941893881105e-12,0.0,0.8745437290434876,0.8176587612430083
pre1_17DIV_CS1_FOV1,0.7455532171312523,0.10903088042305502,0.038235294117647055,0.2765217391304348,0.9232628625362169,0.14376181064187832,0.00627933867842894,0.04829695244121058,0.0101664853847586,0.6397896581945661,0.6165922228060949,0.6016564790949872,0.1852853210349803,0.742054165508771,0.03902368054715686,0.046150371153707945,0.7109375,1.2845413041294196e-09,0.0,0.8356549209231293,0.8362806070716892
pre3_17DIV_CS4_FOV1,0.732102114953278,0.10469102638821852,0.03529411764705882,0.2939130434782609,0.9275886364658896,0.1370843042394052,0.024082305785214232,0.01633559702442241,0.009456859484112009,0.6912442396313364,0.6906298774127252,0.4993551068059863,0.1760566524447702,0.8319954728756654,0.03711635683041039,0.047410848476567846,0.6791044776119403,4.694053885811937e-10,0.0,0.8280700921940239,0.8030304320876703
pre3_17DIV_CS5_FOV1,0.5192232465423492,0.07046518005224307,0.05588235294117647,0.5443478260869565,0.9496107582896777,0.08678355131909617,0.011963569002778635,0.010706232679828561,0.003391865760089826,0.811238622872972,0.8708379114317097,0.840367549467688,0.16538018603230809,0.8280504476193042,0.013237194200323238,0.019473006664819853,0.5170454545454546,4.5075686225974987e-13,0.0,0.6051156540425499,0.4554357907852119
pre2_17DIV_CS1_FOV5,0.876713658889395,0.12519811002968623,0.03235294117647059,0.2921739130434783,0.9214827981106621,0.14850688598120143,0.0059589903027611225,0.0390496353799106,0.0096855167187648,0.7867330767489246,0.8364576429176876,0.8355199177015007,0.017790828008287463,0.8604071808961635,0.03363114475581407,0.04894966113299662,0.914572864321608,2.319163991323679e-09,0.0,0.7654786977626724,0.6359239824487413
pre3_17DIV_CS3_FOV3,0.6761739471510644,0.09642972148703984,0.011764705882352941,0.48173913043478267,0.9890596564720464,0.024761230396881287,0.008122438921997207,0.012722228130045143,0.004335563886066635,0.794290318867273,0.9460704640164229,0.9035332657826057,0.11699229818817125,0.8778673619646806,0.011471918510212481,0.01301935507498489,0.6046511627906976,5.2003152446103815e-11,0.0,0.6461062769967494,0.4503110870075711
pre3_17DIV_CS2_FOV3,0.5527271396728354,0.07642567057586845,0.02058823529411765,0.6139130434782609,0.9846180209515858,0.029071853389764812,0.005781794879707806,0.0053149859914352554,0.0025784511174449633,0.8576400397746106,0.9949663965483857,0.9680089187913944,0.17515513690028817,0.8407941368333206,0.005755896703629727,0.00981277116151763,0.5388157894736841,1.7762000635625204e-12,0.0,0.5650705608917599,0.3736603911333088
pre3_17DIV_CS2_FOV2,0.6049494567677578,0.08129364232145898,0.03235294117647059,0.44173913043478263,0.9620194358998846,0.07239900285534519,0.002885313136966929,0.00930810944111991,0.005070720707872609,0.7435397367137981,0.7906850678983309,0.7180749785569881,0.18226949083593436,0.8704704301453685,0.02044443583873315,0.025741629331141797,0.6385964912280702,4.3200488123027575e-12,0.0,0.7189797160983078,0.581809250733484
pre3_17DIV_CS3_FOV2,0.4581187225858312,0.053887283910989195,0.04411764705882353,0.6295652173913043,0.9575748577617565,0.07385668238559855,0.001152046982083437,0.026707483430802904,0.0024684078083967,0.7927983223364534,0.8824406908884408,0.7987173048970255,0.2811839023042553,0.8110350410331182,0.012539972816425368,0.014553371913138137,0.45843828715365237,6.452210751488378e-15,0.0,0.6183893500477513,0.4590419777093846
pre3_17DIV_CS3_FOV1,0.5901742489341748,0.08286186075533737,0.02058823529411765,0.5704347826086957,0.9850381636595893,0.02845725560442408,0.04054634131181739,0.013900347920194386,0.003057123470506215,0.8089664211144756,0.9557451910622962,0.8951279568354232,0.04183889353112713,0.7803190469121192,0.007650796745030532,0.010563709451248009,0.5126760563380282,5.058868306363775e-12,0.0,0.5908089349081127,0.39393741632349805
pre3_17DIV_CS2_FOV4,0.6384327282226997,0.08314285299140382,0.03235294117647059,0.4573913043478261,0.9637904270549567,0.0687433605369119,0.014714411016157095,0.008823992323431305,0.004768563665691487,0.8043913553821722,0.9307752528231462,0.9037957970502932,0.16375954495305445,0.8137785625809093,0.018292890972046907,0.023462497835858687,0.6190476190476191,6.444032097015665e-12,0.0,0.69412834610728,0.5176190628150671
